ñ¡ïøî‘çÜ,åªç›âøäi,åàéZì˙Ç‹Ç≈,å†óòóéÇøÇ‹Ç≈,ï™äÑì˙Ç‹Ç≈,éûâøëçäz,ó\ëzPER,PBR,ó\ëzEPS,BPS,îzìñê´å¸,ÉxÅ[É^íl,âﬂãéîzìñäz,âﬂãéîzìñóòâÒÇË,ïΩãœîzìñóòâÒÇË,åªç›îzìñäz,åªç›îzìñóòâÒÇË,52èTà¿íl,52èTçÇíl,êÑèß,ÉAÉiÉäÉXÉgà”å©êî,Open,High,Low,Close,Adj Close,Volume,MACD,Signal_Line,MACD_Signal_difference,DI+,DI-,DI+DI-_difference,Parabolic_SAR,Parabolic_SAR_difference,RSI_14,%K,Psychological_Line,RCI_26,MA_Deviation,MACD_Percentile,MACD_Current Deviation,MACD_Signal_difference_Percentile,MACD_Signal_difference_Current Deviation,DI+_Percentile,DI+_Current Deviation,DI-_Percentile,DI-_Current Deviation,DI+DI-_difference_Percentile,DI+DI-_difference_Current Deviation,Parabolic_SAR_Percentile,Parabolic_SAR_Current Deviation,Parabolic_SAR_difference_Percentile,Parabolic_SAR_difference_Current Deviation,RSI_14_Percentile,RSI_14_Current Deviation,%K_Percentile,%K_Current Deviation,Psychological_Line_Percentile,Psychological_Line_Current Deviation,RCI_26_Percentile,RCI_26_Current Deviation,MA_Deviation_Percentile,MA_Deviation_Current Deviation,MACD_Signal_Line_Last_Cross,MACD_Signal_Line_Last_Cross_Day,MACD_Signal_Line_Next_Cross_Day,DI+_DI-_Last_Cross,DI+_DI-_Last_Cross_Day,DI+_DI-_Next_Cross_Day
1332.T,932.9000244140625,63,115,,289968652288,10.502083,1.0721583,88.83,870.114,0.35669997,0.214,26.0,0.027691979,2.27,24.0,0.0256,738.0,1002.5,buy,4,936.1,940.0,926.8,932.9,932.9,1350200,16.592,16.058,0.534,44.648,26.431,18.217,853.636,79.264,62.404,68.596,58.333,76.0,3.885,76.083,0.582,50.642,0.073,68.506,0.517,33.198,-0.491,67.776,0.525,97.831,2.18,89.88,1.171,67.072,0.516,57.178,0.414,57.895,0.527,78.46,0.961,54.419,0.261,Golden,85,98.77551020408163,Golden,70,50.20270270270271
1407.T,1860.0,38,268,-1377,73767043072,7.03187,2.2198908,264.51,837.879,0.38819999,0.517,65.0,0.035364527,1.82,130.0,0.070700005,1828.0,3580.0,none,5,1850.0,1889.0,1849.0,1860.0,1860.0,251000,-183.68,-124.669,-59.011,13.197,57.703,-44.506,2619.517,-759.517,16.887,1.081,25.0,-39.829,-27.548,4.399,-1.522,3.128,-1.452,1.982,-1.755,93.36,1.586,4.163,-1.729,81.898,1.101,4.403,-1.891,1.98,-1.898,4.257,-1.421,3.162,-1.507,37.074,-0.632,11.011,-0.776,Dead,32,153.75,Dead,12,102.42622950819673
1430.T,805.0,38,177,-3295,9617979392,5.0,1.1375022,161.0,707.691,0.39189997,0.233,31.0,0.03846154,4.58,76.0,0.0943,631.0,879.0,none,,801.0,808.0,801.0,805.0,805.0,22500,8.95,6.019,2.931,37.229,19.913,17.316,773.501,31.499,58.385,63.953,58.333,73.06,2.261,59.221,0.091,62.5,0.18,53.376,0.037,15.823,-0.965,69.62,0.535,43.532,-0.374,57.084,0.226,63.158,0.388,61.053,0.402,49.686,0.347,80.994,1.196,58.621,0.32,Golden,67,97.04761904761904,Golden,77,76.33333333333334
1514.T,834.0,57,115,-5907,42913886208,,1.6361185,,509.743,0.80910003,0.637,60.0,0.07125891,2.63,25.0,0.0297,777.0,5570.0,none,,837.0,852.0,834.0,834.0,834.0,419600,-116.923,-120.927,4.003,25.816,26.904,-1.088,1059.021,-225.021,41.688,6.746,41.667,-79.282,-22.36,1.08,-1.873,78.156,0.176,26.891,-0.694,39.076,-0.436,43.277,-0.124,93.101,1.288,7.481,-0.576,33.417,-0.452,14.358,-1.203,29.841,-0.251,14.673,-1.265,14.322,-0.504,Golden,27,201.28947368421052,Dead,7,131.9344262295082
1605.T,1985.5,70,24,-4086,2404321329152,7.397541,0.5617941,268.4,3534.213,0.2636,0.781,80.0,0.040170725,4.0,86.0,0.0432,1700.0,2628.0,buy,9,1980.5,2001.5,1980.5,1985.5,1985.5,5744300,-58.802,-52.005,-6.797,30.452,45.178,-14.726,1772.231,213.269,39.717,32.997,50.0,-71.829,-7.59,11.156,-0.834,33.226,-0.256,28.084,-0.594,80.925,0.868,22.159,-0.756,80.643,0.66,85.542,0.814,22.952,-0.767,33.171,-0.604,38.138,0.05,13.186,-1.336,23.813,-0.472,Dead,180,41.625,Dead,5,105.8641975308642
1719.T,1190.0,65,115,,186522976256,12.370063,1.1816704,96.2,1007.049,0.56060004,0.315,30.0,0.025795357,4.35,60.0,0.051599998,1024.0,1280.0,none,2,1174.0,1192.0,1160.0,1190.0,1190.0,1204900,2.538,-3.671,6.209,32.113,25.352,6.761,1093.086,96.914,60.488,94.737,50.0,7.624,3.802,55.888,-0.076,80.792,0.727,44.325,-0.247,26.223,-0.722,60.372,0.215,95.266,1.732,86.86,1.182,69.208,0.549,89.932,1.342,45.268,0.11,51.434,0.061,63.439,0.258,Golden,15,237.66666666666666,Golden,10,142.3
1720.T,699.0,65,115,-6696,73922043904,11.708543,0.76442647,59.7,914.411,0.8524,0.39,19.0,0.027536232,4.36,38.0,0.0551,658.0,868.0,none,1,694.0,701.0,690.0,699.0,699.0,341900,-22.915,-21.835,-1.08,18.301,43.791,-25.49,701.474,-2.474,30.526,30.882,16.667,-86.872,-4.916,29.537,0.011,41.313,-0.012,15.166,-1.07,63.503,0.421,25.342,-0.773,47.44,-0.245,56.715,0.166,20.528,-0.93,43.597,-0.364,0.293,-2.075,17.112,-1.114,44.466,0.007,Dead,240,-39.45945945945945,Dead,200,-48.87755102040816
1803.T,1199.5,65,115,,837150310400,14.606672,0.9738873,82.12,1231.662,1.4397,0.36,24.0,0.020159597,2.44,35.0,0.0294,797.3,1247.0,hold,7,1190.5,1207.0,1188.0,1199.5,1199.5,2337600,64.899,38.076,26.824,56.764,11.919,44.846,1017.386,182.114,89.855,87.809,66.667,89.197,17.985,96.95,2.228,99.839,2.892,92.857,1.551,4.221,-1.764,94.724,1.714,89.478,1.337,99.116,2.035,98.135,2.316,79.643,1.086,75.87,1.075,93.12,1.392,94.599,1.6,Golden,105,67.78846153846155,Golden,105,0.8433734939759034
1814.T,1597.0,64,115,-3780,16688650240,,0.7263826,,2198.566,0.48169997,0.39,35.0,0.022040302,4.58,89.0,0.055999998,1280.0,1849.0,none,,1595.0,1605.0,1590.0,1597.0,1597.0,50100,-1.85,3.236,-5.086,31.393,41.975,-10.582,1575.346,21.654,38.081,17.881,58.333,-60.274,-3.915,48.339,-0.13,35.548,-0.298,39.16,-0.362,66.807,0.471,35.798,-0.431,95.345,1.733,57.024,0.204,26.784,-0.673,27.54,-0.875,70.411,0.884,27.99,-0.913,42.966,-0.122,Dead,167,11.333333333333343,Dead,0,135.66666666666666
1852.T,650.0,65,115,-126,52395659264,,1.1863348,,547.906,0.8269,0.311,40.6,0.06323987,5.61,35.0,0.0545,590.0,888.0,none,,643.0,652.0,642.0,650.0,650.0,356900,-23.842,-22.745,-1.098,19.178,40.183,-21.005,737.379,-87.379,35.333,12.121,41.667,-84.752,-7.582,0.748,-2.119,38.621,-0.226,8.487,-1.286,64.622,0.418,21.429,-0.882,96.426,2.466,3.408,-1.92,18.892,-0.933,17.548,-1.131,25.063,-0.405,7.888,-1.408,29.068,-0.441,Dead,117,78.68181818181819,Dead,117,8.59701492537313
1882.T,1280.0,66,115,-250,59240574976,,1.1400173,,1122.79,0.5076,0.315,42.0,0.032838155,2.86,52.0,0.040700004,1042.0,1455.0,none,,1283.0,1292.0,1277.0,1280.0,1280.0,43800,-2.673,6.826,-9.499,31.438,32.543,-1.106,1376.284,-96.284,39.695,16.667,41.667,-10.291,-1.781,33.638,-0.384,4.319,-1.424,37.983,-0.398,49.076,-0.067,43.782,-0.175,98.753,3.996,3.491,-1.558,26.616,-0.712,21.662,-1.023,22.213,-0.465,41.73,-0.274,39.831,-0.113,Dead,42,128.2941176470588,Dead,7,122.46969696969697
1884.T,1728.0,57,115,-432,75933851648,,0.7653322,,2257.843,0.4998,0.228,60.0,0.034423407,2.82,60.0,0.0344,1385.0,2410.0,none,,1743.0,1750.0,1722.0,1728.0,1728.0,47100,-29.094,-44.492,15.398,36.414,28.276,8.138,1492.6,235.4,57.471,79.899,50.0,-45.299,1.942,13.87,-0.948,92.359,1.24,43.782,-0.145,37.479,-0.369,52.437,0.111,86.783,1.246,96.841,1.835,61.965,0.282,72.544,0.89,44.426,0.145,27.226,-0.885,54.068,0.133,Golden,27,157.5744680851064,Golden,22,124.37931034482759
1885.T,1207.0,65,115,-250,95762415616,9.027674,0.9735489,133.7,1239.794,0.2522,0.026,40.0,0.033955857,3.15,54.0,0.0458,798.0,1322.5,none,,1178.0,1215.0,1170.0,1207.0,1207.0,375100,32.388,3.887,28.501,58.756,16.694,42.062,927.664,279.336,78.054,97.5,58.333,7.009,17.478,87.874,1.064,99.502,2.974,91.345,1.461,13.361,-1.197,91.345,1.39,97.257,2.386,99.584,3.186,92.527,1.474,94.291,1.397,62.783,0.601,46.65,-0.01,92.119,1.157,Golden,62,153.75,Golden,22,105.53731343283582
1887.T,506.0,41,177,,40237072384,,0.59759945,,846.721,0.7388,0.203,20.0,0.039447732,3.73,20.0,0.0394,401.0,630.0,none,,508.0,510.0,505.0,506.0,506.0,262400,2.064,-1.744,3.807,38.889,27.222,11.667,450.422,55.578,61.538,55.769,66.667,88.718,3.747,63.604,0.376,70.318,0.562,69.517,0.41,23.42,-0.746,73.234,0.595,3.546,-1.872,73.404,0.868,78.889,0.883,61.852,0.337,75.0,0.98,98.837,1.697,75.29,0.649,Golden,110,40.769230769230774,Golden,75,65.0
1890.T,1290.0,65,115,-4451,121166602240,13.312694,1.6815618,96.9,767.144,1.4642,0.033,74.0,0.0578577,3.08,80.0,0.0625,1070.0,1555.0,none,,1280.0,1299.0,1280.0,1290.0,1290.0,261000,-22.553,-9.989,-12.564,11.264,46.667,-35.402,1439.181,-149.181,26.937,12.195,50.0,-83.521,-7.042,11.213,-0.876,7.724,-1.2,2.017,-1.79,82.353,0.923,6.471,-1.439,98.919,3.484,6.983,-1.406,6.969,-1.466,16.457,-1.197,48.533,0.235,5.513,-1.406,29.915,-0.358,Dead,112,108.89743589743588,Dead,97,20.15277777777777
1893.T,622.7000122070312,65,115,-6328,175483076608,8.976502,1.0149893,69.37,613.504,0.5391,0.097,24.0,0.03892944,3.58,24.0,0.038900003,538.2,852.9,none,5,616.4,626.9,614.7,622.7,622.7,1550900,-18.377,-22.29,3.912,31.337,43.421,-12.083,596.796,25.904,43.466,48.263,50.0,-48.718,-2.4,17.857,-0.931,71.678,0.552,33.025,-0.473,72.437,0.54,29.916,-0.522,72.735,0.767,64.505,0.431,32.746,-0.436,46.767,-0.087,40.319,0.047,29.262,-0.85,42.627,-0.04,Golden,67,129.8181818181818,Dead,82,42.33823529411765
1898.T,1508.0,63,115,-3721,55023603712,,1.3806653,,1092.227,1.1661,0.143,45.0,0.029880479,4.46,90.0,0.0598,1406.0,2042.0,none,,1501.0,1519.0,1501.0,1508.0,1508.0,284800,-50.058,-49.64,-0.418,23.063,45.599,-22.535,1473.998,34.002,32.506,18.1,25.0,-89.607,-6.607,1.91,-1.613,46.927,-0.023,15.63,-0.987,80.924,0.904,15.714,-0.992,94.929,2.569,62.344,0.386,14.022,-1.084,23.929,-0.924,4.275,-1.348,2.205,-1.505,29.831,-0.335,Dead,252,-62.68181818181819,Dead,82,23.5625
1934.T,1471.0,56,115,,101780701184,13.671004,0.73685217,107.6,1996.33,0.516,0.319,51.0,0.035839774,3.19,46.0,0.0323,1003.0,1679.0,none,,1423.0,1494.0,1423.0,1471.0,1471.0,165000,11.263,24.231,-12.968,31.981,26.883,5.098,1411.354,59.646,50.791,32.323,58.333,-13.983,-0.37,63.953,0.157,5.482,-1.462,36.807,-0.376,33.109,-0.497,51.765,0.062,99.002,3.086,74.314,0.623,43.913,-0.118,32.158,-0.638,62.28,0.571,35.963,-0.43,40.508,-0.067,Dead,167,-11.363636363636374,Golden,67,55.35714285714286
1939.T,1478.0,57,114,-67,69877768192,,1.1121905,,1328.909,0.5172,0.33,56.667,0.038418304,3.77,60.0,0.040700004,959.6667,1576.0,none,,1474.0,1507.0,1471.0,1478.0,1478.0,120700,70.559,50.722,19.837,45.842,15.736,30.107,1380.144,97.856,69.994,81.754,50.0,85.436,12.267,97.342,3.282,99.252,3.851,73.866,0.605,9.076,-1.33,84.202,1.029,99.335,4.636,97.423,1.874,86.482,1.12,72.124,0.824,41.157,0.048,88.719,1.2,93.729,1.485,Golden,32,122.55357142857142,Golden,102,15.569444444444443
1946.T,963.0,57,115,-67,89379692544,,0.68573725,,1404.328,0.5052,0.452,108.0,0.111801244,3.64,40.0,0.0414,734.0,1290.0,none,,965.0,974.0,958.0,963.0,963.0,106000,-19.236,-22.165,2.93,20.655,26.448,-5.793,846.14,116.86,47.115,64.773,50.0,-62.803,-0.64,6.146,-1.157,72.093,0.461,9.664,-1.253,29.58,-0.587,38.067,-0.354,94.929,1.686,97.423,1.73,39.631,-0.331,59.026,0.389,40.067,0.049,16.115,-1.199,40.763,-0.11,Golden,0,143.0655737704918,Dead,7,109.55405405405405
1951.T,1750.0,66,115,-250,363926487040,14.781654,1.1718698,118.39,1493.34,0.6752,0.339,90.0,0.051694427,3.58,62.0,0.0356,1350.5,1859.5,hold,6,1734.0,1763.5,1732.5,1750.0,1750.0,863300,33.511,7.495,26.016,45.378,21.849,23.529,1507.171,242.829,67.461,71.541,41.667,1.06,8.837,84.718,0.892,99.917,2.965,72.521,0.594,18.151,-0.943,77.563,0.806,95.012,1.777,99.335,2.523,81.024,0.91,60.705,0.509,19.028,-0.577,42.409,-0.145,80.678,0.728,Golden,22,161.61702127659575,Golden,22,101.0
2002.T,1840.5,56,115,-3721,547191652352,14.440958,1.1068985,127.45,1662.754,0.4329,-0.014,49.0,0.026579875,2.21,60.0,0.0325,1685.0,2272.0,none,4,1826.5,1854.0,1825.0,1840.5,1840.5,658800,-19.23,-25.51,6.28,28.188,36.913,-8.725,1728.441,112.059,45.59,63.127,50.0,-2.701,0.355,18.86,-0.669,72.071,0.508,27.597,-0.581,65.828,0.345,28.653,-0.494,76.787,0.915,79.679,0.754,31.225,-0.45,53.122,0.252,29.474,-0.155,40.868,-0.265,44.845,-0.026,Golden,25,156.3,Dead,5,90.53191489361703
2124.T,716.0,71,24,-341,113223221248,5.033392,6.542816,142.25,109.433,0.6074,1.27,22.5,0.03251445,4.29,52.0,0.075100005,589.0,810.0,buy,1,702.0,724.0,701.0,716.0,716.0,347900,1.403,7.32,-5.918,24.581,36.313,-11.732,780.284,-64.284,42.152,25.962,33.333,52.0,-0.542,44.481,-0.207,11.369,-1.006,20.291,-0.891,59.978,0.166,28.139,-0.551,98.895,2.058,10.497,-1.16,28.331,-0.546,31.131,-0.732,7.039,-1.209,65.948,0.668,41.837,0.053,Dead,27,189.5,Dead,7,105.24137931034483
2127.T,631.7999877929688,58,115,-1344,200422752256,16.275116,4.550005,38.82,138.857,0.687,0.678,26.0,0.040919103,1.47,23.0,0.036199998,555.1,1083.5,buy,7,632.1,641.2,625.2,631.8,631.8,3707400,-46.159,-47.956,1.797,37.628,37.848,-0.22,750.582,-118.782,48.191,46.174,33.333,-76.342,-12.168,13.781,-0.551,59.339,0.07,45.486,-0.122,66.667,0.36,39.12,-0.262,55.53,-0.124,17.902,-0.48,35.607,-0.365,39.075,-0.293,6.344,-1.317,7.034,-1.504,20.726,-0.606,Golden,10,190.15151515151516,Dead,0,139.2391304347826
2130.T,1055.0,59,115,-2897,13469079552,6.7270293,2.5768223,156.83,409.419,2.0847,0.71,31.0,0.029951692,1.71,63.0,0.060900003,679.0,1210.0,hold,1,1039.0,1060.0,1037.0,1055.0,1055.0,56700,46.697,18.593,28.104,49.73,23.459,26.27,926.877,128.123,67.375,60.417,58.333,75.59,12.159,60.698,0.306,81.395,0.735,75.962,0.828,30.288,-0.626,72.596,0.741,28.671,-0.709,64.802,0.372,74.82,0.811,53.477,0.272,62.291,0.596,77.531,0.981,68.719,0.584,Golden,328,-113.76923076923077,Golden,18,157.0
2148.T,1540.0,57,115,-3295,29861216256,18.666666,3.5116363,82.5,438.542,1.3782,0.884,100.0,0.06644518,2.11,200.0,0.1329,877.0,2115.0,none,1,1505.0,1552.0,1505.0,1540.0,1540.0,124800,-43.598,-18.837,-24.761,17.058,42.723,-25.665,1654.745,-114.745,33.958,15.556,25.0,-91.521,-11.223,17.796,-0.672,10.218,-0.961,7.235,-1.356,72.695,0.619,15.169,-1.038,85.747,1.314,26.322,-0.446,20.396,-0.888,26.69,-0.899,3.023,-1.559,3.546,-1.407,27.391,-0.411,Dead,193,0.4375,Dead,123,6.148936170212778
2154.T,1830.0,66,24,-1987,158937513984,11.9537525,2.2167013,153.09,825.551,0.5353,1.404,65.0,0.03589177,3.28,90.0,0.0497,1588.0,2426.0,none,2,1820.0,1840.0,1812.0,1830.0,1830.0,173500,-43.181,-24.672,-18.509,30.8,33.9,-3.1,1689.89,140.11,47.346,9.483,50.0,-29.983,-7.534,7.791,-1.034,11.279,-0.931,23.995,-0.666,58.629,0.118,32.388,-0.406,81.024,1.153,79.278,0.643,32.231,-0.417,12.515,-1.467,34.511,-0.159,23.952,-0.905,21.172,-0.252,Dead,25,162.05882352941177,Dead,5,136.13636363636363
2157.T,1166.0,36,86,-2380,95415410688,18.3103,3.1092088,63.68,375.015,0.2373,0.999,18.0,0.015887026,1.38,24.0,0.0212,801.0,1267.0,none,,1125.0,1190.0,1122.0,1166.0,1166.0,663400,66.124,42.526,23.597,55.486,20.69,34.796,966.656,199.344,80.714,85.953,50.0,94.803,15.345,95.621,2.143,99.172,2.561,80.505,0.88,26.113,-0.752,77.978,0.844,92.18,1.72,97.986,2.16,90.264,1.322,70.072,0.891,30.695,-0.279,95.732,1.164,77.467,0.667,Golden,155,41.935483870967744,Golden,95,54.8780487804878
2173.T,586.0,-21,24,-250,9071749120,,3.422877,,171.201,0.1844,0.632,18.5,0.031569965,2.32,17.0,0.033099998,291.0,718.0,none,,548.0,602.0,546.0,586.0,586.0,206500,20.042,30.544,-10.502,39.668,38.462,1.207,709.605,-123.605,49.31,37.736,58.333,64.444,3.904,86.683,1.024,3.699,-1.834,48.934,-0.035,64.994,0.375,41.154,-0.212,99.63,3.756,2.963,-2.058,46.366,-0.136,40.852,-0.33,64.875,0.606,77.354,0.985,61.372,0.202,Dead,15,181.4516129032258,Golden,95,25.51020408163265
2175.T,1697.5,59,-250,-2351,144223666176,15.790698,3.1681538,107.5,535.801,0.2567,1.204,20.0,0.011918951,0.51,40.0,0.0238,1541.0,2924.0,none,6,1658.0,1708.5,1651.0,1697.5,1697.5,943100,-132.77,-86.965,-45.805,22.914,45.27,-22.356,2159.874,-462.374,33.015,17.259,58.333,11.932,-20.006,5.185,-1.667,5.556,-1.304,9.925,-1.327,82.789,1.037,12.312,-1.24,66.873,0.545,7.417,-1.487,12.045,-1.269,21.706,-1.085,51.189,0.459,43.949,-0.02,9.796,-1.267,Dead,15,163.97058823529412,Dead,30,94.7872340425532
2329.T,579.0,66,24,-159,78126784512,,0.9812694,,590.052,1.2085,0.29,26.0,0.045138888,2.94,26.0,0.045100003,376.0,742.0,none,,577.0,584.0,573.0,579.0,579.0,73700,13.917,30.942,-17.025,22.943,31.671,-8.728,673.786,-94.786,34.483,10.588,33.333,36.479,-6.459,83.004,0.692,0.989,-3.326,22.131,-0.845,47.177,-0.026,36.703,-0.423,98.47,3.228,2.34,-2.016,19.381,-0.907,17.743,-1.198,9.446,-0.941,59.89,0.512,25.0,-0.466,Dead,47,143.47619047619048,Dead,12,129.94444444444446
2331.T,1137.5,57,115,-523,551557857280,20.337923,1.6261895,55.93,699.488,0.5338,0.183,27.4,0.024172915,1.9,24.8,0.0219,769.2,1147.0,none,6,1139.5,1147.0,1129.0,1137.5,1137.5,769600,53.631,47.795,5.835,49.558,21.076,28.483,1002.702,134.798,70.117,93.116,66.667,90.154,10.95,95.273,1.897,86.455,0.77,83.149,1.098,20.718,-0.9,82.873,1.052,82.075,1.171,92.994,1.637,86.201,1.125,85.557,1.213,77.594,1.087,91.907,1.259,87.268,1.052,Golden,105,64.46808510638297,Golden,110,3.67647058823529
2354.T,713.0,17,86,,13058380800,,1.9357274,,368.337,0.275,0.633,22.0,0.03076923,1.62,20.0,0.027999999,584.0,922.0,none,,719.0,723.0,711.0,713.0,713.0,65300,-4.83,-2.584,-2.246,31.592,34.826,-3.234,773.388,-60.388,49.851,33.088,41.667,-7.556,-2.934,45.438,-0.236,30.876,-0.211,41.176,-0.315,49.206,0.001,44.725,-0.165,93.45,1.617,23.893,-0.5,55.597,0.067,45.149,-0.305,25.978,-0.346,55.755,0.049,45.523,-0.115,Dead,55,116.63043478260869,Dead,0,128.5
2389.T,1251.0,70,24,-4360,21842335744,-36.472305,0.7157201,-34.3,1747.89,0.4752,0.872,45.0,0.036231883,4.13,90.0,0.0725,870.0,1304.0,none,,1250.0,1264.0,1237.0,1251.0,1251.0,173000,20.809,-17.376,38.186,66.798,8.498,58.3,928.293,322.707,83.171,96.131,58.333,-18.291,17.672,70.206,0.162,91.544,1.042,97.408,2.218,2.792,-1.942,97.807,2.176,39.37,-0.476,90.846,1.117,95.817,1.972,95.12,1.589,72.366,0.773,48.286,-0.204,86.808,0.897,Golden,45,163.19444444444446,Golden,15,118.39285714285714
2395.T,1600.0,59,115,-7007,66611040256,17.334778,1.8285191,92.3,875.025,0.53419995,-0.041,30.0,0.018552875,1.7,50.0,0.0309,970.0,1996.0,hold,1,1605.0,1615.0,1593.0,1600.0,1600.0,273800,25.083,-33.704,58.787,62.876,14.592,48.283,1102.184,497.816,80.939,96.97,75.0,15.077,19.225,74.222,0.23,97.082,1.988,96.252,1.974,5.227,-1.505,96.746,1.844,65.141,0.137,95.91,1.884,97.931,1.977,96.059,1.68,96.362,2.097,61.316,0.383,88.147,0.874,Golden,75,145.2941176470588,Golden,25,83.05970149253731
2413.T,1495.0,57,-250,-2260,1015152836608,20.865316,2.9042773,71.65,514.758,0.36470002,0.75,21.0,0.014084507,0.55,42.0,0.028199999,1126.5,2527.5,buy,13,1499.5,1516.5,1480.0,1495.0,1495.0,3555300,-88.114,-105.807,17.693,39.308,37.067,2.24,1766.656,-271.656,51.096,44.727,58.333,-21.094,0.54,16.402,-0.437,81.014,0.322,51.21,-0.018,58.165,0.267,45.867,-0.152,67.562,0.048,15.224,-0.517,43.807,-0.179,39.476,-0.316,62.111,0.554,32.62,-0.559,43.788,-0.077,Golden,103,96.16666666666666,Golden,13,134.9591836734694
2428.T,863.0,59,206,-3080,15833201664,17.904564,1.9271739,48.2,447.806,0.4289,0.372,22.15,0.025636574,3.35,52.92,0.061300002,531.0,937.0,none,,862.0,867.0,853.0,863.0,863.0,187300,53.608,51.262,2.346,36.125,28.407,7.718,738.721,124.279,51.485,77.073,41.667,74.564,10.29,85.781,0.189,57.435,0.026,46.422,-0.134,32.674,-0.514,56.685,0.192,48.744,-0.292,83.907,0.283,53.81,0.118,75.447,0.947,28.545,-0.284,83.825,1.241,78.232,0.511,Golden,27,150.38636363636363,Golden,207,-79.45614035087719
2462.T,1373.0,38,177,-2653,26348007424,8.869509,1.6056038,154.8,855.13,0.45470002,0.246,58.0,0.04199855,2.76,58.0,0.042,1207.0,1785.0,none,,1381.0,1389.0,1373.0,1373.0,1373.0,57100,-32.705,-34.82,2.115,33.616,37.521,-3.905,1329.741,43.259,48.172,7.826,66.667,-59.179,-4.358,27.215,-0.556,60.939,0.1,46.696,-0.202,53.413,0.14,47.346,-0.176,62.927,0.404,64.85,0.239,48.485,-0.128,15.584,-1.221,76.026,1.013,31.689,-0.842,41.073,-0.158,Golden,70,125.71428571428572,Dead,5,119.0
2491.T,1163.0,56,24,-4086,25191510016,9.935076,2.067927,117.06,562.399,0.5133,0.659,53.0,0.046613894,2.45,54.0,0.0475,945.0,1695.0,hold,3,1146.0,1168.0,1146.0,1163.0,1163.0,129300,-8.926,-15.03,6.104,32.471,28.235,4.235,945.0,218.0,59.091,95.238,58.333,-56.239,1.61,47.73,-0.077,66.002,0.158,43.982,-0.307,35.771,-0.443,54.218,0.089,56.208,-0.172,84.146,0.68,65.169,0.44,91.685,1.442,58.408,0.501,33.599,-0.761,57.565,0.227,Golden,75,108.75,Golden,0,164.0
2531.T,1282.5,71,115,,250415824896,13.701923,1.0358607,93.6,1238.101,0.32970002,0.473,29.0,0.022489337,2.52,31.0,0.024,996.1,1300.0,none,,1286.0,1292.0,1275.5,1282.5,1282.5,600400,36.89,26.692,10.198,57.218,17.469,39.749,1180.171,102.329,76.887,93.949,75.0,91.179,9.751,82.665,0.801,79.213,0.658,93.669,1.519,8.036,-1.35,94.075,1.493,77.59,0.459,80.0,0.679,92.863,1.464,86.375,1.29,91.498,1.63,94.021,1.409,83.797,0.95,Golden,165,29.02173913043478,Golden,90,38.84057971014494
2678.T,1865.0,10,167,-1294,177245863936,14.880714,2.3646357,125.33,788.705,0.1849,0.304,36.0,0.019323671,1.57,38.0,0.020399999,1831.0,2440.0,hold,9,1876.0,1886.0,1865.0,1865.0,1865.0,247100,-73.388,-52.074,-21.314,13.1,48.249,-35.149,2034.004,-169.004,12.619,9.428,41.667,-90.154,-10.413,10.97,-1.075,15.671,-0.89,4.071,-1.788,85.402,1.005,6.554,-1.454,88.725,1.226,30.98,-0.609,0.794,-2.271,16.27,-1.219,18.218,-0.617,0.602,-1.504,19.96,-0.667,Dead,180,-20.543478260869563,Dead,155,-30.51724137931035
2681.T,1603.0,66,115,-4086,63655931904,5.961324,0.7104939,268.9,2256.177,0.16950001,-0.334,17.0,0.010493827,1.97,34.0,0.021,1271.0,2511.0,strong_buy,,1630.0,1630.0,1600.0,1603.0,1603.0,150800,-64.642,-86.063,21.421,33.368,35.855,-2.487,1278.38,324.62,52.736,83.983,58.333,-62.325,1.974,15.734,-0.765,83.205,0.778,41.292,-0.255,52.544,0.07,43.64,-0.168,45.604,-0.306,92.174,1.356,55.23,0.095,77.713,1.053,63.317,0.582,25.223,-1.009,58.597,0.224,Golden,95,114.02777777777777,Dead,0,123.0327868852459
2730.T,1803.0,59,115,,191231590400,14.516909,0.8593866,124.2,2098.008,0.431,0.317,23.0,0.012784881,3.21,46.0,0.0256,1464.0,1881.0,none,1,1800.0,1811.0,1786.0,1803.0,1803.0,520000,44.833,53.307,-8.474,38.264,30.375,7.89,1835.457,-32.457,53.295,57.639,41.667,67.863,2.857,81.537,0.606,22.085,-0.505,49.911,0.014,43.202,-0.2,52.326,0.115,94.43,1.744,42.617,-0.192,49.151,0.005,50.402,0.127,18.822,-0.641,66.396,0.834,53.069,0.195,Dead,40,160.97560975609755,Golden,195,-42.5
2734.T,823.0,38,-5,,52818657280,,0.6602741,,1246.452,0.2943,0.038,26.0,0.03237858,3.37,34.0,0.0423,693.0,889.0,none,,806.0,827.0,805.0,823.0,823.0,247200,3.547,8.551,-5.003,31.532,31.231,0.3,795.804,27.196,48.374,30.263,50.0,18.701,-0.418,58.938,0.133,12.655,-0.888,39.158,-0.305,40.502,-0.25,48.477,-0.019,95.837,1.991,61.47,0.413,41.898,-0.174,28.559,-0.705,38.248,0.024,55.928,0.23,43.038,-0.04,Dead,28,141.47916666666666,Golden,13,71.14893617021276
2735.T,685.0,38,86,-4298,9015216128,12.875939,0.72029823,53.2,950.995,0.2191,0.422,15.0,0.022123894,2.05,15.0,0.0221,562.0,859.0,none,,698.0,704.0,679.0,685.0,685.0,129200,0.736,15.948,-15.211,24.715,26.046,-1.331,817.826,-132.826,46.032,6.707,41.667,26.701,-7.334,55.014,0.083,8.762,-1.309,25.252,-0.761,29.186,-0.635,48.124,-0.027,68.807,0.49,13.291,-1.019,41.682,-0.19,14.625,-1.191,19.343,-0.584,56.932,0.382,27.978,-0.288,Dead,45,181.94444444444446,Dead,15,128.48214285714286
2792.T,1648.0,36,177,-6858,45921189888,7.174576,1.0408726,229.7,1583.287,0.3143,0.532,55.0,0.033333335,3.15,55.0,0.033299997,1371.0,1870.0,none,,1646.0,1656.0,1639.0,1648.0,1648.0,53900,7.725,5.799,1.926,45.439,29.948,15.491,1581.536,66.464,64.477,41.279,41.667,72.308,2.587,58.204,0.042,54.18,0.038,76.649,0.658,33.927,-0.427,73.194,0.572,78.822,-0.032,61.674,0.215,79.393,0.834,46.967,-0.196,22.651,-0.499,83.581,1.216,61.27,0.274,Golden,85,100.39473684210526,Golden,15,110.44642857142857
2918.T,1997.0,37,86,,34878402560,9.96507,0.6060864,200.4,3294.91,0.36360002,0.117,135.0,0.06794162,3.13,90.0,0.045300003,1943.0,3715.0,none,1,1986.0,2002.0,1976.0,1997.0,1997.0,73000,-145.05,-126.331,-18.719,11.449,49.747,-38.298,2391.572,-394.572,21.909,6.203,16.667,-54.53,-14.356,2.629,-1.872,17.642,-0.678,3.004,-1.816,82.661,0.932,9.099,-1.446,83.022,1.04,5.857,-1.545,5.832,-1.646,12.436,-1.308,0.428,-2.295,27.73,-0.886,9.437,-1.293,Dead,45,139.68085106382978,Dead,115,-1.4864864864864842
2929.T,994.0,8,58,-3597,27903766528,6.3963966,2.4086168,155.4,412.685,0.2218,1.352,25.0,0.025406504,,25.0,0.0254,800.0,1283.0,none,,950.0,996.0,950.0,994.0,994.0,226700,-14.165,-27.629,13.464,30.94,28.376,2.564,1013.859,-19.859,51.724,96.341,50.0,-28.0,3.976,35.307,-0.174,84.358,0.525,41.544,-0.305,30.874,-0.567,53.916,0.122,76.734,0.416,49.441,0.078,58.05,0.27,96.599,1.905,55.43,0.368,46.552,-0.247,65.327,0.337,Golden,15,194.83870967741936,Golden,10,125.31914893617022
2975.T,685.0,38,-5,-735,22690213888,,0.91092116,,751.986,0.2523,,20.5,0.03041543,2.63,23.0,0.0341,494.0,710.0,none,,674.0,690.0,674.0,685.0,685.0,73100,15.344,9.501,5.843,47.619,19.388,28.231,540.105,144.895,73.446,94.792,83.333,31.624,6.733,76.384,0.675,73.063,0.573,87.16,1.218,6.226,-1.511,91.829,1.447,8.889,-1.331,88.148,1.32,96.512,1.947,94.961,1.743,99.615,2.44,76.829,0.961,84.211,0.9,Golden,40,123.33333333333334,Golden,15,101.42857142857143
3003.T,1416.5,56,24,-6369,1078761095168,10.39862,1.3822694,136.22,1024.764,0.4456,0.379,53.0,0.038129497,3.37,56.0,0.0403,1260.5,1648.0,none,6,1401.0,1422.0,1398.5,1416.5,1416.5,4012300,-8.456,-5.64,-2.816,32.009,34.768,-2.759,1376.115,40.385,46.766,15.063,25.0,-30.256,-1.872,33.945,-0.172,36.03,-0.132,37.3,-0.418,46.414,-0.061,45.148,-0.185,82.471,0.402,56.344,0.188,39.966,-0.329,16.863,-1.156,2.104,-1.778,39.438,-0.538,40.596,-0.078,Dead,53,147.93023255813952,Dead,0,116.41095890410959
3034.T,1479.0,59,115,-4633,55368585216,4.520171,1.0266869,327.2,1440.556,0.2838,-0.033,15.0,0.01017639,2.1,34.0,0.0231,1187.0,1863.0,none,,1487.0,1504.0,1479.0,1479.0,1479.0,80800,-30.934,-41.625,10.69,27.307,36.157,-8.85,1322.0,157.0,51.268,86.264,58.333,-23.556,1.92,21.099,-0.651,78.027,0.538,17.789,-0.944,61.118,0.24,26.684,-0.606,53.5,0.244,81.625,0.803,44.543,-0.137,79.442,1.05,54.177,0.405,31.572,-0.608,50.837,0.037,Golden,63,142.0,Dead,0,103.9245283018868
3036.T,1490.0,65,115,-2653,45046423552,,0.64036417,,2326.801,0.77279997,0.389,28.0,0.01899593,3.56,64.0,0.0434,1229.0,1592.0,none,,1474.0,1499.0,1474.0,1490.0,1490.0,103900,4.106,-4.229,8.335,45.92,29.412,16.509,1285.286,204.714,61.198,94.767,41.667,-45.368,4.062,52.058,-0.038,72.397,0.427,71.921,0.525,38.793,-0.376,65.887,0.465,66.788,0.619,90.667,1.205,68.389,0.529,89.299,1.321,20.859,-0.56,28.589,-0.84,60.599,0.254,Golden,13,175.28125,Golden,13,136.73684210526315
3048.T,1679.5,38,86,-3933,287501877248,21.487972,1.8858963,78.16,890.558,0.4065,0.264,33.0,0.01983173,1.37,40.0,0.024,1220.0,1815.0,none,3,1665.5,1695.0,1646.0,1679.5,1679.5,752000,49.758,57.293,-7.535,42.068,28.835,13.233,1595.364,84.136,54.372,53.596,58.333,44.957,3.612,85.943,0.747,20.623,-0.411,60.562,0.271,34.072,-0.478,63.203,0.391,94.271,1.55,77.254,0.637,56.0,0.199,55.149,0.153,61.682,0.562,61.307,0.627,60.567,0.286,Dead,80,111.11111111111111,Golden,55,80.0
3050.T,1421.0,22,86,,190377050112,9.732877,0.72821826,146.0,1951.338,0.2626,0.095,64.0,0.04539007,2.91,44.0,0.0312,1241.0,1607.0,none,1,1410.0,1432.0,1405.0,1421.0,1421.0,347700,3.441,12.91,-9.469,40.922,25.504,15.418,1583.744,-162.744,50.97,8.824,50.0,-8.855,-2.28,48.557,-0.024,16.044,-0.398,65.893,0.299,32.131,-0.523,68.471,0.436,92.608,0.967,12.319,-0.646,50.043,-0.086,14.163,-1.284,35.99,-0.06,45.447,-0.227,35.095,-0.113,Dead,35,144.58333333333334,Golden,60,80.08333333333334
3086.T,1827.0,21,86,-3751,468212613120,14.363208,1.1845214,127.2,1542.395,0.2377,0.303,58.0,0.03216861,2.83,44.0,0.024400001,1226.0,2039.5,none,6,1800.0,1830.0,1799.5,1827.0,1827.0,1559800,49.61,23.602,26.008,54.966,19.709,35.257,1226.0,601.0,73.713,99.32,66.667,-4.137,9.85,78.892,0.597,89.165,1.156,88.068,1.262,15.179,-1.106,88.149,1.233,51.888,-0.033,99.92,2.95,87.591,1.256,97.567,1.421,78.462,1.092,44.39,-0.185,76.923,0.681,Golden,25,160.0,Golden,15,105.60810810810811
3093.T,1296.0,38,86,-645,30373185536,9.487555,3.2736778,136.6,395.885,0.32439998,0.779,46.0,0.035853468,1.61,32.0,0.0249,1164.0,2169.0,hold,1,1284.0,1306.0,1271.0,1296.0,1296.0,438400,-96.518,-44.913,-51.605,15.598,56.932,-41.334,1488.547,-192.547,23.45,5.413,16.667,-72.308,-26.377,0.0,-2.566,1.079,-3.883,5.732,-1.621,93.171,1.654,5.732,-1.726,94.358,2.4,3.842,-1.797,5.968,-1.622,11.084,-1.45,0.122,-2.269,14.215,-1.375,7.284,-1.467,Dead,80,137.5,Dead,75,101.02941176470588
3101.T,932.0,65,115,-2624,82177515520,7.782881,0.42534745,119.75,2191.15,6.3090997,0.476,40.0,0.043149944,4.01,80.0,0.0863,885.0,1182.0,buy,3,931.0,935.0,929.0,932.0,932.0,276300,-28.622,-25.564,-3.058,15.126,42.857,-27.731,919.199,12.801,32.911,11.392,50.0,-79.419,-6.227,32.263,-0.319,41.814,-0.112,5.682,-1.481,71.591,0.572,15.666,-1.071,1.526,-1.352,51.486,0.074,16.707,-1.033,18.167,-1.156,41.296,0.087,13.186,-1.245,29.133,-0.413,Dead,40,147.60416666666666,Dead,200,-68.88059701492537
3105.T,876.4000244140625,66,24,,137741172736,8.021968,0.5527207,109.25,1585.611,2.4931,0.531,18.0,0.020515159,3.41,36.0,0.040999997,870.8,1361.0,none,1,876.5,880.4,871.5,876.4,876.4,1323900,-52.905,-48.71,-4.195,22.128,53.949,-31.821,985.115,-108.715,30.091,3.846,33.333,-78.667,-12.66,9.791,-1.265,34.189,-0.26,12.419,-1.121,91.315,1.453,9.497,-1.355,61.205,0.227,19.277,-0.771,8.84,-1.371,7.299,-1.526,5.749,-1.24,9.173,-1.483,13.912,-0.855,Dead,25,159.28571428571428,Dead,225,-93.63636363636363
3116.T,1949.5,59,115,,348227502080,7.034097,0.7815839,277.15,2494.294,0.37,0.369,86.0,0.044838373,3.19,86.0,0.0448,1635.5,2646.5,hold,7,1927.0,1961.0,1891.0,1949.5,1949.5,946100,-67.894,-96.061,28.167,30.226,29.549,0.677,1817.847,131.653,56.307,58.496,66.667,-57.265,-1.48,17.303,-0.672,86.853,0.892,30.472,-0.508,37.94,-0.391,47.124,-0.053,52.377,0.144,66.214,0.486,60.034,0.295,53.259,0.199,79.11,1.112,25.043,-0.969,43.203,-0.013,Golden,50,133.61702127659575,Golden,10,129.8360655737705
3132.T,1818.0,55,115,-67,326774587392,6.6534915,1.3195034,273.24,1377.791,0.36189997,0.696,75.0,0.04204036,2.93,70.0,0.0392,1480.6666,2963.6667,none,1,1770.0,1835.0,1728.0,1818.0,1818.0,1617200,-104.857,-101.758,-3.099,24.101,30.428,-6.328,1690.938,127.062,43.247,28.571,41.667,-73.607,-9.108,2.123,-1.861,34.395,-0.128,14.442,-1.134,42.67,-0.191,34.136,-0.48,86.383,1.333,85.745,0.615,27.293,-0.672,24.672,-0.887,12.609,-0.853,12.556,-1.486,21.029,-0.827,Dead,15,160.5,Dead,0,125.74074074074075
3151.T,1240.0,64,115,,60443553792,,0.56082106,,2211.044,0.3729,0.046,44.0,0.03568532,3.03,43.0,0.0349,1009.0,1439.0,none,,1231.0,1253.0,1224.0,1240.0,1240.0,150000,-10.035,-0.395,-9.64,36.94,40.958,-4.019,1333.003,-93.003,47.266,52.036,50.0,-64.718,-1.768,29.817,-0.519,9.967,-1.25,65.042,0.383,77.983,0.815,40.672,-0.24,98.919,2.698,11.554,-1.141,37.951,-0.258,47.775,-0.017,35.038,-0.012,14.673,-1.216,36.695,-0.228,Dead,137,13.701754385964904,Dead,97,12.102564102564102
3160.T,590.0,16,177,-2715,8663146496,,1.439537,,409.854,0.2317,-0.049,12.0,0.020512821,1.47,13.0,0.0222,520.0,698.0,none,,590.0,594.0,589.0,590.0,590.0,46400,-2.291,-2.619,0.328,32.374,41.727,-9.353,577.138,12.862,42.268,2.5,41.667,41.333,-3.329,30.11,-0.216,55.939,0.035,40.986,-0.334,70.986,0.546,34.507,-0.458,52.835,0.248,60.996,0.202,31.364,-0.554,3.938,-1.552,16.971,-0.75,61.66,0.569,20.571,-0.471,Golden,68,74.70270270270271,Dead,0,122.92857142857143
3167.T,928.0,58,115,,121233915904,12.729767,1.36195,72.9,681.376,0.5134,0.05,17.0,0.018518519,3.29,34.0,0.037,890.0,1025.0,none,1,920.0,931.0,916.0,928.0,928.0,301500,-11.405,-5.618,-5.787,24.138,44.335,-20.197,993.495,-65.495,35.878,13.793,33.333,-42.701,-3.892,22.986,-0.617,15.606,-0.806,21.803,-0.825,79.485,0.842,19.485,-0.882,91.511,1.519,13.497,-0.975,16.123,-1.017,16.895,-1.194,6.507,-1.229,29.029,-0.823,25.628,-0.343,Dead,60,120.52083333333334,Dead,70,66.53225806451613
3186.T,1442.0,35,-5,-2562,115723247616,7.5922713,1.6203413,189.93,889.936,0.31059998,0.815,32.0,0.022922637,0.9,66.0,0.0473,1356.0,3055.0,none,6,1457.0,1464.0,1394.0,1442.0,1442.0,1350800,-245.874,-229.642,-16.231,26.753,53.506,-26.753,1782.659,-340.659,34.343,12.251,58.333,-96.103,-31.67,0.725,-3.169,20.471,-0.425,17.658,-0.927,90.706,1.519,13.197,-1.265,69.691,0.584,13.43,-0.963,14.657,-1.124,15.213,-1.319,46.765,0.244,0.949,-2.043,6.629,-1.789,Dead,170,-11.599999999999994,Dead,165,-46.12903225806451
3191.T,1808.0,59,16,-2360,112626827264,13.462398,1.2137349,134.3,1489.617,0.3391,-0.209,38.0,0.021158129,2.35,54.0,0.0301,1743.0,2310.0,none,,1795.0,1809.0,1785.0,1808.0,1808.0,1044400,-65.501,-28.723,-36.778,11.215,61.282,-50.067,2095.056,-287.056,11.364,11.568,41.667,-81.06,-14.184,5.234,-1.753,2.43,-2.079,0.96,-1.975,98.273,2.18,0.96,-2.173,94.382,1.762,3.371,-1.838,0.0,-2.465,16.092,-1.309,18.702,-0.696,5.49,-1.487,4.697,-1.841,Dead,202,-2.555555555555543,Dead,82,41.0
3201.T,1279.0,38,-5,,88200470528,,0.7386663,,1731.499,0.25620002,0.098,49.0,0.038950715,2.73,40.0,0.0318,1119.0,1496.0,none,,1258.0,1289.0,1258.0,1279.0,1279.0,172200,-15.139,-14.443,-0.697,19.11,38.22,-19.11,1236.446,42.554,34.934,29.474,58.333,-60.479,-1.698,19.518,-0.778,48.588,-0.079,8.067,-1.396,61.513,0.367,17.395,-0.944,96.176,1.818,61.929,0.442,13.014,-1.133,28.38,-0.758,64.962,0.616,22.477,-1.097,37.119,-0.265,Dead,47,123.19607843137254,Dead,7,106.0
3271.T,633.0,66,206,-5059,17917634560,,2.2909632,,276.303,0.3024,0.611,29.0,0.045886077,6.33,76.0,0.120299995,361.0,717.0,none,,640.0,654.0,632.0,633.0,633.0,160600,37.013,41.989,-4.976,38.06,27.861,10.199,594.664,38.336,53.191,44.898,33.333,65.812,7.355,87.286,1.167,21.429,-0.595,52.478,0.078,32.07,-0.482,61.516,0.29,81.831,0.71,66.953,0.474,55.895,0.137,49.199,-0.119,3.628,-1.322,76.741,1.03,70.71,0.461,Dead,35,143.44827586206895,Golden,105,-5.2040816326530575
3289.T,1002.0,66,115,,715036229632,9.220576,0.9116799,108.67,1099.07,0.4383,0.51,34.0,0.034143403,2.81,34.0,0.0341,822.9,1266.5,buy,10,980.0,1004.5,977.5,1002.0,1002.0,4842700,-17.15,-15.964,-1.186,34.721,39.667,-4.946,925.549,76.451,47.265,52.59,50.0,-74.564,-1.578,30.435,-0.57,43.116,-0.11,41.45,-0.219,62.082,0.41,38.848,-0.33,87.477,1.152,75.136,0.8,40.074,-0.267,50.278,0.029,37.893,-0.056,12.713,-1.343,40.72,-0.075,Dead,195,-10.476190476190482,Dead,5,98.10810810810811
3321.T,1205.0,22,177,,9597523968,,0.6459062,,1865.596,0.2931,0.626,45.0,0.03784693,3.88,50.0,0.0421,947.0,1292.0,none,,1201.0,1212.0,1184.0,1205.0,1205.0,134700,9.737,3.498,6.239,42.708,23.333,19.375,1041.76,163.24,69.231,83.465,41.667,44.821,5.291,68.555,0.21,70.801,0.374,68.812,0.441,19.604,-0.904,73.168,0.707,75.66,0.737,93.451,1.253,81.602,1.026,79.228,1.071,22.804,-0.462,65.866,0.721,71.7,0.475,Golden,5,192.89473684210526,Golden,10,117.36842105263158
3333.T,1594.0,20,78,-5548,41507917824,9.654755,1.0506216,165.1,1517.197,0.35799998,0.295,47.5,0.030044276,2.15,50.0,0.031600002,1239.0,1755.0,none,,1569.0,1605.0,1566.0,1594.0,1594.0,81700,33.195,46.488,-13.293,40.342,24.939,15.403,1698.693,-104.693,59.69,44.255,58.333,58.701,3.297,77.09,0.581,16.178,-0.846,64.498,0.348,20.287,-0.827,73.76,0.606,93.804,1.461,29.674,-0.656,73.018,0.62,47.577,-0.157,65.824,0.717,77.344,0.946,67.447,0.32,Dead,35,161.71428571428572,Golden,245,-128.54545454545456
3401.T,1326.5,65,115,-2988,255584714752,3.6905656,0.7265316,359.43,1825.798,0.44990003,0.324,40.0,0.03028009,3.11,50.0,0.0379,1156.5,1658.0,none,5,1322.0,1336.5,1318.5,1326.5,1326.5,746700,-12.368,-6.901,-5.467,22.264,33.957,-11.693,1309.779,16.721,46.28,10.197,58.333,-18.632,-3.083,43.82,-0.101,36.356,-0.201,18.994,-0.99,48.458,-0.069,33.929,-0.474,18.554,-0.872,48.353,0.093,41.2,-0.27,16.951,-1.214,62.267,0.597,44.472,-0.314,40.917,-0.128,Dead,15,172.8125,Dead,5,133.30769230769232
3407.T,1092.0,64,115,,1513784999936,10.891682,0.85664594,100.26,1274.739,0.6817,,36.0,0.033723652,3.42,36.0,0.0337,901.2,1169.0,buy,11,1094.0,1115.5,1090.5,1092.0,1092.0,7107300,15.174,10.041,5.132,45.356,27.97,17.387,947.813,144.187,61.927,58.865,58.333,66.769,3.985,65.73,0.333,66.934,0.458,72.808,0.632,35.39,-0.447,69.481,0.557,70.763,0.586,94.137,1.401,70.316,0.531,51.014,0.132,55.709,0.427,72.072,0.894,60.884,0.365,Golden,75,116.80851063829786,Golden,15,114.92753623188406
3431.T,1925.0,66,115,-67,51049267200,,1.3222443,,1455.858,0.5381,0.465,53.5,0.028442318,3.59,110.0,0.0585,1545.0,2530.0,none,,1892.0,1931.0,1874.0,1925.0,1925.0,316400,-45.866,-8.134,-37.733,18.773,52.025,-33.252,2217.039,-292.039,27.11,20.382,25.0,-87.692,-11.243,2.469,-1.288,1.425,-3.075,10.395,-1.209,88.547,1.225,10.106,-1.271,98.289,4.143,1.426,-2.509,8.846,-1.324,26.442,-0.895,2.207,-1.573,6.323,-1.389,24.587,-0.617,Dead,125,92.14285714285714,Dead,90,49.16666666666666
3433.T,1792.0,57,115,-2472,106543898624,13.157123,1.8344567,136.2,976.856,0.5003,0.567,28.0,0.015792442,2.94,66.0,0.0372,1373.0,2085.0,strong_buy,2,1781.0,1809.0,1780.0,1792.0,1792.0,124800,2.974,12.952,-9.978,34.848,46.078,-11.23,1547.779,244.221,46.588,52.0,41.667,-52.342,-3.44,40.673,-0.171,19.904,-0.787,41.228,-0.286,79.63,0.892,27.68,-0.621,96.054,1.791,95.38,1.703,35.54,-0.43,43.233,-0.131,17.784,-0.68,21.379,-1.049,32.283,-0.197,Dead,130,74.86111111111111,Dead,5,116.9672131147541
3454.T,1013.0,38,-5,-2653,14205602816,,0.5938792,,1705.734,0.7918,0.404,65.0,0.06506506,3.37,67.0,0.0671,912.0,1330.0,none,,1017.0,1018.0,987.0,1013.0,1013.0,322800,-17.974,-14.982,-2.992,29.145,53.229,-24.084,1175.0,-162.0,39.246,13.83,50.0,-53.436,-12.648,32.64,-0.379,35.343,-0.143,26.767,-0.6,90.792,1.356,14.133,-1.049,78.542,0.763,17.292,-0.845,22.436,-0.745,16.453,-1.201,33.404,-0.089,30.044,-0.942,15.317,-0.589,Dead,0,197.5,Dead,0,92.02702702702703
3475.T,885.0,10,-34,-1496,25498796032,5.983773,2.084084,147.9,424.647,1.6603,0.445,35.0,0.039727584,4.56,72.0,0.0817,606.0,949.0,none,,879.0,890.0,874.0,885.0,885.0,617500,9.827,10.356,-0.528,36.851,34.673,2.178,931.054,-46.054,54.214,66.272,50.0,35.248,5.69,49.751,-0.076,44.03,-0.059,38.144,-0.419,62.371,0.306,36.598,-0.393,96.01,1.571,30.424,-0.455,48.072,-0.123,61.183,0.413,14.322,-0.666,51.724,0.18,59.788,0.134,Dead,27,153.3125,Golden,0,99.21739130434783
3565.T,837.0,8,58,-1587,11697744896,,3.4253583,,244.354,0.24219999,0.314,10.0,0.011764706,1.01,30.0,0.0353,409.0,856.0,none,,842.0,847.0,823.0,837.0,837.0,228900,35.641,19.02,16.62,63.181,18.625,44.556,573.947,263.053,74.573,96.96,58.333,63.419,27.833,79.576,0.526,82.228,0.79,98.898,2.304,8.54,-1.408,98.072,1.889,14.894,-0.862,89.362,1.021,95.879,1.616,95.33,1.603,69.672,0.855,80.682,1.095,98.584,1.766,Golden,68,124.5,Golden,13,133.66666666666666
3608.T,942.0,38,86,,67179106304,13.361702,0.7246449,68.9,1299.947,0.47509998,0.094,15.0,0.016853932,3.28,38.0,0.0427,636.0,1086.0,strong_buy,1,863.0,954.0,860.0,942.0,942.0,685100,16.003,22.527,-6.524,45.143,35.32,9.823,844.676,97.324,54.731,43.969,58.333,-7.35,3.953,66.311,0.442,20.732,-0.788,75.857,0.727,53.115,0.084,61.682,0.339,89.618,1.209,82.748,0.997,58.787,0.223,46.19,-0.18,53.488,0.419,43.582,-0.194,60.918,0.29,Dead,30,138.79310344827587,Golden,10,101.62790697674419
3635.T,1777.0,55,115,-1344,561242308608,18.395815,3.270452,94.73,543.35,0.5552,0.302,54.0,0.030673103,2.48,96.0,0.0545,1220.5,1952.0,hold,7,1737.0,1795.5,1721.5,1777.0,1777.0,1502300,25.058,-0.306,25.364,57.245,21.401,35.844,1481.5,295.5,72.923,95.02,50.0,78.735,14.025,83.8,0.336,96.353,2.137,94.764,1.618,18.884,-0.897,89.957,1.299,83.786,1.111,97.963,2.325,88.079,1.21,89.966,1.303,33.647,-0.088,82.582,1.053,89.957,1.144,Golden,155,9.615384615384613,Golden,30,73.76543209876543
3663.T,1382.0,-25,24,-1253,43187085312,,7.4989686,,184.292,0.4749,1.519,12.0,0.008765522,0.9,36.0,0.026300002,664.0,1418.0,none,,1384.0,1394.0,1364.0,1382.0,1382.0,188500,137.306,116.803,20.502,55.114,14.201,40.914,1216.72,165.28,80.252,97.327,83.333,90.838,23.245,99.839,3.515,92.937,1.612,88.177,1.181,10.345,-1.266,90.312,1.268,99.196,2.613,88.907,1.202,95.246,1.656,97.049,1.579,98.693,2.368,96.154,1.416,84.808,0.97,Golden,103,47.34482758620689,Golden,103,12.131578947368425
3675.T,661.0,70,24,-3842,12605798400,,3.2432008,,203.811,0.21069999,1.288,3.1,0.0047400612,1.55,14.0,0.0214,421.0,747.0,none,,655.0,666.0,650.0,661.0,661.0,66500,22.212,26.491,-4.28,33.184,38.341,-5.157,561.422,99.578,50.82,15.909,41.667,66.974,2.566,79.497,0.537,24.025,-0.409,41.101,-0.29,62.612,0.364,38.156,-0.344,72.796,0.545,82.997,0.893,49.872,0.021,23.018,-0.978,16.071,-0.644,76.104,1.026,55.642,0.087,Dead,15,167.96875,Dead,0,154.02777777777777
3679.T,528.0,65,115,-2533,53025456128,10.434783,2.9618495,50.6,178.267,0.1331,1.107,5.0,0.009560229,0.96,15.0,0.0287,447.0,677.0,none,2,529.0,537.0,521.0,528.0,528.0,522700,-9.206,-2.698,-6.508,32.041,32.558,-0.517,625.746,-97.746,49.664,11.65,58.333,-52.821,-8.689,43.382,-0.167,26.838,-0.484,40.566,-0.257,42.642,-0.193,47.925,-0.032,65.93,0.379,26.151,-0.653,50.282,0.008,18.456,-1.113,67.542,0.754,29.094,-0.841,34.231,-0.321,Dead,20,229.6875,Dead,0,119.21875
3857.T,1156.0,65,115,-8561,34888081408,14.954721,2.312194,77.3,499.958,0.5218,0.405,14.0,0.012110727,2.91,26.0,0.0225,682.0,1158.0,none,,1156.0,1157.0,1156.0,1156.0,1156.0,379900,64.15,20.392,43.758,70.996,16.883,54.113,729.543,426.457,81.229,99.775,50.0,2.496,28.08,85.869,0.239,76.418,0.009,99.727,2.493,12.397,-1.183,98.086,1.9,30.45,-0.458,90.991,0.255,96.63,1.852,99.18,1.749,49.364,0.237,55.801,0.149,93.652,0.147,Golden,15,259.5,Golden,15,99.42028985507247
3861.T,556.2999877929688,62,115,,547761356800,7.286182,0.47068876,76.35,1181.885,0.45459998,,20.0,0.03615983,2.64,24.0,0.0434,511.0,680.5,buy,6,554.0,559.8,554.0,556.3,556.3,2660000,-14.222,-11.894,-2.328,13.919,33.108,-19.189,574.96,-18.66,35.391,30.575,41.667,-81.88,-5.453,23.596,-0.747,34.912,-0.34,2.435,-1.72,45.13,-0.182,23.133,-0.794,57.43,0.28,46.104,-0.255,18.573,-0.938,35.036,-0.581,21.296,-0.463,13.104,-1.237,30.196,-0.445,Dead,165,9.215686274509807,Dead,125,0.5714285714285694
3863.T,870.0,66,115,,100415397888,7.213332,0.21005416,120.61,4141.789,0.0584,0.176,10.0,0.011614402,2.94,20.0,0.0232,820.0,1430.0,hold,6,864.0,874.0,853.0,870.0,870.0,1533200,-50.404,-51.184,0.779,30.495,33.663,-3.168,982.783,-112.783,45.025,24.204,50.0,-65.47,-6.736,18.342,-0.857,54.321,0.068,46.293,-0.201,41.591,-0.269,50.633,0.033,7.951,-1.534,34.806,-0.525,43.682,-0.166,34.477,-0.673,42.626,0.06,33.764,-0.856,29.834,-0.579,Golden,0,176.25,Dead,35,81.85714285714286
3900.T,1576.0,66,-67,,24827359232,20.440987,3.450231,77.1,456.781,,0.506,18.0,0.01171875,,36.0,0.0234,861.0,1890.0,none,1,1537.0,1580.0,1537.0,1576.0,1576.0,230100,73.337,35.962,37.375,50.749,18.981,31.768,1297.163,278.837,71.029,84.655,41.667,87.145,21.508,79.63,0.82,87.654,1.138,91.102,1.271,10.805,-1.164,91.949,1.262,53.814,0.053,80.0,0.918,91.121,1.366,80.55,1.189,22.105,-0.479,95.228,1.501,89.177,1.119,Golden,115,92.05882352941177,Golden,100,-2.058823529411768
3937.T,1274.0,65,115,-2624,15434892288,12.309178,3.0031233,103.5,424.225,0.2327,0.805,13.0,0.010148321,0.55,50.0,0.039,995.0,1729.0,strong_buy,,1304.0,1304.0,1265.0,1274.0,1274.0,103800,-3.32,1.598,-4.918,33.574,26.982,6.591,1429.756,-155.756,49.673,18.502,25.0,30.256,-4.129,54.94,-0.075,43.855,-0.124,47.132,-0.134,21.197,-0.743,62.344,0.301,43.72,-0.421,48.792,-0.284,51.741,0.063,27.114,-0.861,0.743,-1.935,63.333,0.576,43.734,-0.177,Dead,20,148.61111111111111,Golden,10,73.85714285714286
3941.T,889.2999877929688,63,115,,220381888512,5.6517315,0.4767976,157.35,1865.152,0.2219,,30.0,0.033879165,2.68,30.0,0.0339,843.0,1208.5,buy,6,885.5,895.5,883.6,889.3,889.3,530000,-36.298,-28.755,-7.544,19.727,49.343,-29.616,992.027,-102.727,34.046,16.045,41.667,-79.624,-8.61,3.987,-1.786,14.701,-0.942,8.655,-1.346,89.748,1.258,8.908,-1.38,93.101,1.631,8.978,-1.206,13.602,-1.142,22.334,-1.066,19.698,-0.622,9.33,-1.436,16.271,-0.853,Dead,47,130.14285714285714,Dead,172,-38.111111111111114
3978.T,1200.0,71,24,-4178,45365161984,12.5878525,1.1135,95.33,1077.683,0.404,0.767,27.0,0.022575252,2.03,30.0,0.0251,651.0,1242.0,none,1,1187.0,1203.0,1187.0,1200.0,1200.0,260300,72.978,28.353,44.626,71.348,11.915,59.433,682.344,517.656,83.527,98.081,58.333,-9.88,28.397,91.296,0.833,98.066,2.038,96.861,2.204,6.166,-1.537,96.637,2.016,34.947,-0.358,98.064,2.421,95.745,1.783,94.955,1.452,70.968,0.808,40.436,-0.328,97.426,1.786,Golden,15,201.71428571428572,Golden,15,135.81632653061226
4028.T,1468.0,71,115,-2988,56121638912,5.981339,0.5278642,245.43,2781.018,0.5382,0.551,70.0,0.048010975,2.79,140.0,0.096,1137.0,1870.0,buy,3,1468.0,1480.0,1454.0,1468.0,1468.0,138000,-29.184,-28.329,-0.855,37.703,36.427,1.276,1354.122,113.878,49.612,49.309,41.667,-59.111,-2.381,34.219,-0.319,45.93,-0.026,52.941,0.026,52.941,0.064,50.168,-0.019,58.022,-0.047,64.672,0.499,50.462,-0.052,51.553,0.028,19.363,-0.539,24.258,-0.955,46.271,0.029,Dead,197,-11.565217391304344,Golden,7,112.71428571428571
4045.T,1523.0,70,24,-3448,171704549376,12.906779,0.8196871,118.0,1858.026,0.4989,0.482,63.0,0.04117647,3.05,60.0,0.0392,1277.0,1711.5,none,1,1530.0,1540.0,1523.0,1523.0,1523.0,309700,4.005,15.634,-11.63,28.79,40.022,-11.232,1471.785,51.215,39.736,8.228,50.0,35.385,-1.824,43.258,-0.092,11.798,-1.112,25.406,-0.68,72.321,0.57,25.162,-0.651,96.948,1.772,55.422,0.33,21.168,-0.872,9.246,-1.548,32.146,-0.159,50.614,0.268,33.306,-0.195,Dead,25,134.91071428571428,Dead,5,110.12987012987013
4088.T,1880.5,66,115,,429976322048,8.669894,0.87386346,216.9,2151.938,0.3192,0.325,34.0,0.018269747,2.98,64.0,0.0344,1737.5,2433.5,none,6,1875.0,1896.0,1872.0,1880.5,1880.5,589200,-67.059,-55.112,-11.947,25.399,41.822,-16.423,2057.631,-177.131,37.157,17.262,41.667,-83.863,-7.119,4.983,-1.667,18.023,-0.752,16.639,-0.994,73.866,0.637,20.0,-0.853,89.443,1.322,12.718,-1.177,14.694,-1.011,18.136,-1.188,15.842,-0.75,4.919,-1.552,16.356,-0.837,Dead,202,0.9761904761904816,Dead,172,-53.07142857142857
4095.T,1290.0,64,115,-3539,152043274240,,0.7829347,,1647.647,0.3946,0.239,20.0,0.015637217,3.18,50.0,0.039100002,980.0,1349.0,none,,1279.0,1297.0,1279.0,1290.0,1290.0,211400,18.428,18.115,0.313,46.564,26.46,20.103,1153.72,136.28,60.05,62.893,50.0,31.487,2.443,63.206,0.329,49.419,0.024,77.563,0.686,33.529,-0.478,72.773,0.609,73.982,0.699,85.619,1.098,62.804,0.38,51.721,0.21,40.235,0.038,50.042,0.2,49.492,0.122,Golden,62,117.79166666666666,Golden,112,-1.6710526315789451
4113.T,1060.0,57,115,-1161,15188421632,9.489705,0.8559293,111.7,1238.42,0.2581,0.501,9.0,0.008498584,2.4,24.0,0.0227,686.0,1119.0,none,1,1065.0,1080.0,1030.0,1060.0,1060.0,67200,46.721,36.919,9.803,40.819,18.142,22.677,842.728,217.272,61.095,91.903,50.0,80.718,17.645,90.476,0.666,90.148,0.586,54.9,0.084,13.372,-1.174,73.339,0.692,83.73,0.485,95.481,1.254,68.465,0.527,84.398,1.248,47.97,0.206,84.577,1.136,92.881,1.224,Golden,30,163.91304347826087,Golden,140,-23.108108108108112
4114.T,1831.0,63,115,-250,278244261888,18.762169,0.729247,97.59,2510.809,0.9015,0.448,76.5,0.04194079,2.93,108.0,0.0592,1298.25,1943.0,none,4,1830.0,1848.5,1830.0,1831.0,1831.0,401300,71.365,65.342,6.023,50.227,24.471,25.755,1694.967,136.033,64.139,68.222,41.667,84.957,7.137,93.106,1.321,64.12,0.369,86.723,1.128,25.63,-0.736,82.689,0.971,79.385,0.867,76.891,0.773,75.063,0.738,58.69,0.435,15.256,-0.686,88.804,1.232,77.966,0.691,Golden,22,166.47826086956522,Golden,287,-191.18604651162792
4188.T,801.4000244140625,63,115,-7004,1140504395776,8.789208,0.65589553,91.18,1221.841,0.4977,0.44,32.0,0.040342916,3.8,32.0,0.0403,735.0,974.1,buy,10,798.4,806.8,798.3,801.4,801.4,5769000,-16.879,-8.097,-8.782,27.949,41.825,-13.876,941.228,-139.828,40.065,9.836,58.333,-33.88,-7.759,28.973,-0.563,15.169,-0.946,26.38,-0.666,68.588,0.535,28.49,-0.624,89.237,1.315,6.586,-1.523,27.332,-0.641,15.896,-1.208,59.352,0.535,36.036,-0.557,25.859,-0.533,Dead,40,147.60416666666666,Dead,5,107.375
4202.T,1407.5,63,115,,388638900224,6.4510956,1.0311476,218.18,1364.984,0.2624,0.456,55.0,0.040087465,3.72,60.0,0.0437,1064.0,1640.0,none,9,1385.5,1423.0,1385.0,1407.5,1407.5,1838600,-15.845,-26.463,10.618,42.296,27.115,15.181,1217.516,189.984,62.212,90.909,58.333,-41.128,1.977,21.927,-0.603,86.462,0.982,65.042,0.394,32.269,-0.475,67.227,0.461,80.05,1.029,96.259,1.496,72.04,0.575,82.872,1.136,62.699,0.603,26.378,-0.875,52.458,0.147,Golden,27,130.45454545454547,Golden,22,86.76623376623377
4205.T,1408.0,57,115,,292633083904,11.753902,0.78839624,119.79,1785.904,0.3832,0.513,60.0,0.042689435,2.3,70.0,0.0498,1060.0,1660.0,none,9,1408.0,1418.5,1392.5,1408.0,1408.0,1171500,24.701,10.134,14.567,53.526,19.896,33.63,1227.329,180.671,72.935,75.24,58.333,40.718,4.631,68.439,0.368,84.468,0.946,88.151,1.23,15.21,-1.065,86.05,1.182,69.244,0.635,90.856,1.261,86.902,1.229,66.247,0.673,59.43,0.566,59.033,0.488,62.288,0.344,Golden,67,116.19148936170214,Golden,32,86.05555555555556
4220.T,1088.0,57,115,,57208127488,9.653949,0.9000341,112.7,1208.843,0.2775,0.497,32.0,0.029822927,3.33,37.0,0.0345,773.0,1131.0,none,,1073.0,1094.0,1073.0,1088.0,1088.0,82100,31.992,29.654,2.338,33.015,25.573,7.443,1007.518,80.482,62.315,87.879,58.333,70.393,5.688,91.445,1.431,66.113,0.421,40.504,-0.317,30.672,-0.594,54.79,0.162,99.252,3.444,92.269,1.369,70.613,0.616,82.2,1.1,65.801,0.702,71.162,0.961,67.458,0.503,Golden,62,114.53061224489795,Golden,77,57.76190476190476
4246.T,611.0,70,115,-3263,43467640832,6.3414636,0.50760746,96.35,1203.686,0.3738,0.874,15.0,0.024590164,4.72,34.0,0.0557,551.0,800.0,none,1,611.0,615.0,609.0,611.0,611.0,133500,-23.127,-22.388,-0.74,15.873,51.984,-36.111,699.0,-88.0,27.083,2.381,33.333,-76.479,-7.758,31.509,-0.368,47.17,-0.028,2.713,-1.614,90.31,1.228,5.814,-1.453,32.703,-0.633,28.355,-0.49,6.963,-1.457,6.77,-1.429,8.671,-1.155,18.218,-1.149,29.249,-0.388,Dead,123,87.55555555555554,Dead,228,-86.04347826086956
4272.T,1276.0,62,115,,208726818816,12.639921,0.79616886,100.95,1602.675,1.8541,0.544,22.5,0.017598748,3.25,45.0,0.0352,1173.0,1420.0,strong_buy,,1278.0,1284.5,1273.0,1276.0,1276.0,618700,-7.409,-9.49,2.082,28.996,28.176,0.82,1285.959,-9.959,48.45,80.488,50.0,8.444,2.1,33.226,-0.327,58.186,0.181,29.221,-0.585,33.604,-0.379,48.133,-0.111,81.365,0.959,44.819,-0.174,41.444,-0.27,69.586,0.805,36.923,-0.073,47.912,-0.006,57.038,0.194,Golden,0,162.32142857142858,Golden,0,106.13095238095238
4275.T,1312.0,59,115,,30922659840,9.661266,0.8257285,135.8,1588.9,0.32759997,0.393,33.0,0.025018955,2.34,69.0,0.0523,885.0,1579.0,none,1,1319.0,1330.0,1311.0,1312.0,1312.0,97900,32.346,28.389,3.957,44.219,16.937,27.282,1059.763,252.237,64.789,89.109,58.333,-26.564,2.893,86.047,0.818,70.1,0.328,73.025,0.643,13.193,-1.262,79.664,1.001,93.267,1.623,98.504,2.313,77.414,0.823,84.047,1.232,69.489,0.787,43.427,-0.398,66.441,0.291,Golden,7,200.61904761904762,Golden,22,100.5
4290.T,687.0,55,115,-1894,87615168512,14.381411,1.9310282,47.77,355.769,0.4062,0.345,18.0,0.026745914,1.33,24.0,0.0357,564.0,785.0,none,4,683.0,695.0,679.0,687.0,687.0,337700,0.072,7.29,-7.218,9.552,35.522,-25.97,721.297,-34.297,37.5,33.696,33.333,2.496,-1.246,39.326,-0.299,7.491,-1.261,0.0,-2.483,56.798,0.229,5.845,-1.442,80.5,1.011,21.875,-0.586,14.721,-1.094,26.396,-0.739,2.532,-1.637,35.825,-0.309,34.106,-0.398,Dead,53,105.37837837837839,Dead,63,41.44444444444444
4404.T,1631.0,70,24,-2715,16593794048,,0.54838496,,2974.188,0.1311,0.154,50.0,0.03125,3.36,60.0,0.0375,1172.0,1664.0,none,,1590.0,1640.0,1587.0,1631.0,1631.0,169800,29.81,39.012,-9.202,43.616,33.785,9.831,1392.0,239.0,55.923,93.725,50.0,32.581,7.541,82.143,0.605,24.834,-0.475,75.546,0.651,47.899,-0.07,64.706,0.369,49.792,-0.35,90.607,1.102,66.499,0.399,91.856,1.505,44.845,0.183,65.14,0.582,88.814,0.972,Dead,42,146.80434782608697,Golden,0,111.1948051948052
4548.T,808.0,65,115,-7190,44098781184,16.323233,0.5856966,49.5,1379.554,0.7582,0.204,13.0,0.016229713,2.63,30.0,0.0375,726.0,914.0,none,,805.0,813.0,805.0,808.0,808.0,69600,2.114,9.192,-7.078,20.53,39.073,-18.543,740.868,67.132,33.333,15.068,50.0,-39.487,-4.604,57.602,0.008,23.294,-0.445,9.486,-1.285,62.846,0.334,20.455,-0.855,4.39,-1.22,60.976,0.339,14.906,-1.082,19.151,-1.087,39.606,0.066,33.167,-0.672,28.743,-0.441,Dead,120,20.19230769230768,Dead,5,92.63157894736842
4552.T,727.0,52,115,-1525,91236319232,19.852541,1.6090194,36.62,451.828,0.612,0.027,20.0,0.027063599,1.22,20.0,0.0271,466.0,1274.0,buy,7,740.0,753.0,724.0,727.0,727.0,660100,-14.075,-39.156,25.08,53.725,15.124,38.6,670.104,56.896,76.289,76.159,58.333,86.051,12.616,20.807,-0.242,91.932,1.184,83.86,0.971,5.756,-1.222,89.391,1.15,56.748,-0.275,69.394,0.235,91.95,1.33,69.005,0.77,69.066,0.725,86.15,1.242,79.412,0.789,Golden,145,35.0,Golden,80,61.47727272727272
4569.T,1486.0,63,115,-8470,85369061376,14.152381,0.6565544,105.0,2263.331,0.637,-0.099,32.0,0.02173913,3.35,64.0,0.0435,1459.0,1880.0,none,1,1480.0,1498.0,1468.0,1486.0,1486.0,188900,-62.882,-60.49,-2.391,11.75,48.5,-36.75,1534.089,-48.089,21.654,11.176,25.0,-90.632,-7.236,12.044,-0.798,43.172,-0.092,2.318,-1.758,82.06,0.97,7.21,-1.462,29.287,-0.674,49.745,-0.092,3.774,-1.764,19.297,-1.118,0.599,-1.916,3.813,-1.448,21.732,-0.566,Dead,200,-10.555555555555543,Dead,200,-79.71014492753623
4633.T,1591.0,71,24,,78922350592,5.8708487,0.7585329,271.0,2097.47,0.2448,,45.0,0.029450262,2.77,60.0,0.039300002,1281.0,1917.0,none,2,1548.0,1612.0,1538.0,1591.0,1591.0,267000,-16.865,-6.806,-10.059,35.106,36.277,-1.17,1454.049,136.951,47.47,47.685,50.0,-74.359,-2.675,18.189,-0.618,12.375,-0.835,45.966,-0.158,60.0,0.169,43.613,-0.174,92.02,1.446,85.287,1.013,39.043,-0.304,42.905,-0.198,32.858,-0.144,13.401,-1.347,35.424,-0.287,Dead,137,34.80000000000001,Dead,12,122.44444444444446
4676.T,1738.0,63,115,-4086,363662606336,10.545477,0.4238399,164.81,4100.605,0.2676,0.444,49.0,0.028282829,3.2,50.0,0.028900001,1433.5,2059.0,none,6,1695.0,1748.0,1695.0,1738.0,1738.0,614100,-19.888,-16.092,-3.795,34.518,36.774,-2.256,1798.663,-60.663,48.901,71.042,58.333,-53.709,-0.929,42.833,-0.079,43.851,-0.131,49.7,-0.085,49.785,0.032,50.3,-0.06,59.932,-0.1,50.255,-0.065,51.801,-0.04,72.298,0.771,67.637,0.758,34.749,-0.74,52.035,0.084,Dead,205,-27.5,Dead,0,126.54411764705883
4722.T,1913.0,63,24,-1070,169544597504,14.262282,3.168997,134.13,603.661,0.35930002,0.385,41.0,0.021601686,2.09,42.0,0.0221,1440.0,2142.0,strong_buy,3,1895.0,1931.0,1871.0,1913.0,1913.0,463600,82.624,64.124,18.5,50.843,28.499,22.344,1827.077,85.923,64.795,49.336,50.0,92.821,9.612,97.857,2.241,94.464,1.539,80.108,0.894,33.002,-0.482,76.04,0.725,97.14,2.55,82.306,0.584,78.229,0.783,47.787,-0.039,40.577,0.076,98.539,1.423,79.653,0.695,Golden,130,37.12765957446808,Golden,110,31.818181818181813
4732.T,1389.0,63,115,-250,667470069760,17.76215,3.2646098,78.2,425.472,0.5653,0.575,20.35,0.0146087585,2.94,41.6,0.0299,1154.5,1497.0,none,5,1388.5,1399.0,1382.0,1389.0,1389.0,2026500,9.296,5.683,3.613,44.986,24.571,20.416,1248.73,140.27,61.957,93.464,66.667,26.496,4.423,60.305,0.1,73.367,0.48,73.734,0.622,31.845,-0.559,73.219,0.624,94.482,1.594,96.095,1.737,65.952,0.43,84.477,1.103,76.712,0.954,46.187,0.099,61.645,0.324,Golden,0,193.22222222222223,Golden,10,125.16129032258064
4751.T,1052.0,57,300,-1344,532672839680,20.526829,3.2879417,51.25,319.957,0.5427,0.471,16.0,0.015541525,1.03,33.0,0.0321,797.0,1136.0,buy,15,1031.0,1061.0,1026.0,1052.0,1052.0,5804300,11.288,11.472,-0.184,41.96,30.851,11.109,947.723,104.277,60.749,87.624,58.333,67.453,5.109,64.292,0.116,42.324,-0.017,63.348,0.282,40.343,-0.26,63.433,0.283,75.552,0.671,84.975,0.846,68.611,0.507,78.302,1.1,57.192,0.489,71.49,0.91,60.087,0.232,Dead,15,187.5581395348837,Golden,10,105.27027027027027
4765.T,682.0,56,-67,-4178,61157330944,,3.9120758,,174.332,1.1964,0.278,21.5,0.03199405,3.41,21.75,0.0324,530.0,800.0,none,,690.0,710.0,675.0,682.0,682.0,890300,-2.703,-10.175,7.472,52.0,23.667,28.333,538.462,143.538,67.157,80.69,41.667,-41.402,8.469,28.736,-0.276,91.689,0.908,83.527,0.92,23.993,-0.702,81.379,0.859,90.708,1.321,97.257,1.729,80.769,0.88,76.834,0.962,22.054,-0.491,28.843,-0.788,73.984,0.361,Golden,20,215.88235294117646,Golden,15,107.92307692307692
4847.T,1099.0,64,24,-3995,28773687296,15.767576,3.2968352,69.7,333.35,0.54080003,0.641,30.0,0.027322404,2.26,35.0,0.0319,820.0,1304.0,none,,1098.0,1104.0,1086.0,1099.0,1099.0,42000,0.425,-25.81,26.235,49.267,20.33,28.938,883.555,215.445,68.329,90.909,50.0,-37.709,9.922,53.175,-0.092,96.105,1.423,79.949,0.843,16.795,-1.028,82.177,0.969,81.61,0.749,93.475,1.289,83.305,1.036,86.387,1.345,44.53,0.144,40.657,-0.534,74.244,0.558,Golden,22,181.0952380952381,Golden,22,111.73015873015873
4848.T,1465.0,66,24,-4178,51587776512,9.581427,1.8788602,152.9,779.728,0.4091,0.956,63.0,0.043091655,2.62,62.0,0.0424,1136.0,1910.0,strong_buy,,1467.0,1479.0,1460.0,1465.0,1465.0,51300,-17.746,-12.008,-5.738,33.333,38.235,-4.902,1417.215,47.785,46.154,20.8,33.333,6.325,-2.572,31.268,-0.13,31.455,-0.145,37.774,-0.316,62.892,0.215,38.535,-0.276,50.564,-0.061,62.218,0.193,38.973,-0.26,30.133,-0.837,10.911,-0.975,49.519,0.021,43.228,0.109,Dead,12,168.11627906976744,Dead,7,125.85714285714286
4917.T,1294.0,59,115,-2624,58407796736,46.664265,0.8283716,27.73,1562.101,0.6975,0.25,20.0,0.0155521,2.66,40.0,0.0311,1107.0,1389.0,none,5,1296.0,1306.0,1285.0,1294.0,1294.0,205800,0.445,-8.98,9.425,37.149,23.758,13.391,1207.189,86.811,65.179,88.571,50.0,52.821,4.779,48.203,-0.023,73.707,0.459,55.546,0.06,22.538,-0.791,70.453,0.449,24.298,-0.698,65.965,0.41,78.723,0.838,81.028,1.151,27.788,-0.196,70.609,0.818,74.038,0.543,Golden,95,83.04347826086956,Golden,10,118.57142857142858
4927.T,1390.0,71,24,-2806,307558350848,25.995886,1.8926114,53.47,734.435,1.5715,0.381,52.0,0.037626628,3.29,52.0,0.0376,1271.0,1627.0,underperform,9,1390.0,1403.5,1386.0,1390.0,1390.0,497800,-8.721,-0.3,-8.421,32.7,43.072,-10.372,1524.799,-134.799,41.253,17.62,50.0,54.667,-2.614,31.187,-0.155,24.75,-0.272,32.847,-0.438,75.474,0.723,27.153,-0.599,38.395,-0.327,23.926,-0.533,25.073,-0.713,20.262,-1.158,28.052,-0.2,48.961,0.492,29.778,-0.313,Dead,12,147.0625,Dead,12,156.79310344827587
4956.T,1374.0,56,115,-341,92391186432,11.738573,1.0955487,117.05,1254.166,0.3291,0.421,19.5,0.014369934,2.24,33.0,0.024300002,931.0,1658.0,none,,1357.0,1405.0,1357.0,1374.0,1374.0,185600,22.158,5.859,16.299,37.856,12.898,24.958,1235.306,138.694,71.809,83.77,50.0,69.709,8.486,86.296,0.821,99.252,2.576,57.563,0.203,5.882,-1.659,85.042,1.015,97.34,2.325,96.259,1.927,90.596,1.314,76.574,0.943,34.954,-0.081,75.064,0.943,85.085,0.966,Golden,82,64.27118644067798,Golden,57,39.7816091954023
4974.T,1040.0,71,115,-4998,125232644096,29.312288,1.0812744,35.48,961.828,2.2487,0.242,17.0,0.016441006,1.54,34.0,0.032899998,930.0,1290.0,buy,3,1032.0,1048.0,1029.0,1040.0,1040.0,260300,-10.795,-17.765,6.971,31.339,30.394,0.945,942.056,97.944,49.507,39.873,33.333,0.923,-0.731,49.344,-0.139,70.535,0.214,40.532,-0.306,32.651,-0.495,55.885,0.093,30.909,-0.637,74.545,0.426,57.464,0.121,52.556,-0.07,6.735,-1.085,61.905,0.282,58.738,0.1,Golden,220,-35.65789473684211,Golden,10,101.40625
4992.T,1356.0,38,-5,,36409954304,8.956408,0.7426463,151.4,1825.903,0.1972,0.291,24.0,0.018306635,2.16,32.0,0.024400001,913.0,1720.0,none,1,1314.0,1365.0,1314.0,1356.0,1356.0,81400,-17.224,-13.122,-4.102,22.18,33.835,-11.654,1435.493,-79.493,43.129,59.729,58.333,-82.017,-2.324,13.704,-0.798,21.844,-0.428,11.429,-1.157,44.79,-0.102,33.109,-0.54,97.589,3.026,13.633,-0.822,33.165,-0.517,57.683,0.282,65.633,0.654,7.718,-1.379,41.525,-0.227,Dead,162,32.65909090909091,Dead,117,14.71875
4996.T,803.0,10,-34,,96661127168,7.91679,0.66521746,101.43,1207.124,0.272,,37.0,0.046894804,2.43,40.0,0.0507,637.0,1048.0,none,3,793.0,809.0,792.0,803.0,803.0,386100,-2.08,-4.546,2.466,37.458,28.428,9.03,783.451,19.549,55.714,32.099,25.0,54.735,0.682,38.455,-0.201,64.95,0.227,45.714,-0.053,35.882,-0.42,55.798,0.198,71.322,0.749,60.515,0.214,59.614,0.216,34.929,-0.574,1.509,-1.932,67.26,0.77,49.237,0.041,Golden,237,-47.68181818181819,Golden,32,89.21428571428571
4997.T,686.0,65,115,,53843730432,18.641304,0.70154846,36.8,977.837,0.317,0.337,9.0,0.013333334,2.49,20.0,0.0296,576.0,834.0,none,,675.0,691.0,675.0,686.0,686.0,63500,-3.385,-14.279,10.893,33.983,27.298,6.685,606.154,79.846,60.324,80.62,58.333,-47.692,2.542,40.116,-0.15,87.542,0.895,42.857,-0.257,33.361,-0.491,55.126,0.134,63.508,0.161,80.881,0.702,67.506,0.506,73.636,0.914,68.231,0.722,32.74,-0.751,56.271,0.211,Golden,27,157.5744680851064,Golden,22,122.22413793103448
5019.T,999.5,70,115,-341,1325746749440,7.595562,0.7127139,131.59,1402.386,0.2847,0.422,34.0,0.033847686,4.34,36.0,0.0358,751.0,1149.5,buy,7,999.5,1004.5,996.0,999.5,999.5,4193300,9.84,19.396,-9.556,28.523,41.263,-12.74,954.507,44.993,35.979,14.119,41.667,-30.051,-2.572,63.187,0.205,11.336,-0.947,31.357,-0.599,67.161,0.449,31.015,-0.545,96.517,2.219,69.213,0.463,20.387,-0.867,20.273,-1.076,16.25,-0.726,37.529,-0.528,39.216,-0.132,Dead,200,18.275862068965523,Dead,5,135.44444444444446
5020.T,822.7999877929688,73,115,,2296722751488,8.27184,0.74512047,99.47,1104.251,0.38729998,0.426,24.0,0.029279005,4.51,26.0,0.0317,548.0,865.9,buy,7,816.9,827.2,816.0,822.8,822.8,12105000,15.392,16.197,-0.806,40.836,32.673,8.163,717.936,104.864,57.111,74.883,58.333,-27.043,4.925,72.674,0.556,43.023,-0.103,64.874,0.337,43.95,-0.125,60.42,0.238,80.798,0.832,93.184,1.352,63.308,0.35,68.094,0.71,58.34,0.517,37.913,-0.51,70.0,0.485,Dead,132,67.88372093023256,Golden,22,91.85135135135135
5076.T,1215.5,71,115,,301253165056,12.929475,0.60986745,94.01,1993.056,0.6926,-0.007,65.0,0.05383023,,60.0,0.0497,1105.0,1654.0,buy,6,1217.0,1222.5,1206.0,1215.5,1215.5,1332000,-44.599,-55.037,10.437,32.099,32.963,-0.864,1126.812,88.688,52.318,85.586,50.0,-77.983,-0.88,14.103,-1.233,85.256,0.916,38.028,-0.263,45.07,-0.081,47.183,-0.104,54.194,-0.302,72.258,0.725,50.35,0.02,74.825,1.036,31.724,-0.225,16.794,-1.265,43.182,-0.162,Golden,15,202.0,Dead,0,120.0
5110.T,1666.0,71,24,,438204661760,8.932018,0.7073586,186.52,2355.241,1.5521001,0.368,82.0,0.049908705,3.75,58.0,0.0353,1253.0,1967.0,none,10,1643.0,1666.5,1643.0,1666.0,1666.0,1219400,15.356,-11.704,27.061,45.687,28.594,17.093,1497.88,168.12,64.049,59.812,50.0,21.915,5.882,60.714,0.159,93.771,1.511,73.782,0.624,31.765,-0.503,72.101,0.583,73.234,0.666,83.874,0.997,77.498,0.727,53.736,0.208,38.055,-0.06,53.52,0.245,68.983,0.498,Golden,67,124.88888888888889,Golden,22,95.91666666666667
5121.T,1491.0,66,115,,28559509504,,0.8506792,,1752.717,0.3673,0.593,25.0,0.016983695,3.24,64.0,0.0435,1028.0,1582.0,none,,1520.0,1525.0,1461.0,1491.0,1491.0,182000,20.123,-16.908,37.031,56.118,20.253,35.865,1128.042,362.958,74.46,87.533,41.667,-22.051,12.912,72.265,0.331,99.152,3.002,86.18,1.122,18.026,-0.971,84.807,1.078,93.294,1.744,99.491,3.535,87.393,1.244,80.103,1.168,22.517,-0.545,44.454,-0.349,81.039,0.839,Golden,15,207.43589743589743,Golden,15,106.76470588235294
5191.T,1585.0,57,115,,164562632704,8.092102,0.8271355,195.87,1916.252,0.23629999,0.492,60.0,0.038935754,2.05,53.0,0.0344,972.0,1679.0,none,1,1548.0,1609.0,1546.0,1585.0,1585.0,229500,74.071,70.116,3.955,42.537,30.927,11.61,1415.949,169.051,58.119,70.614,41.667,69.504,5.809,93.272,1.429,61.794,0.254,67.395,0.469,40.0,-0.289,64.286,0.398,81.796,0.762,88.695,1.173,65.743,0.427,66.247,0.635,11.903,-0.756,76.675,1.068,71.864,0.538,Golden,27,134.0185185185185,Golden,32,106.46774193548387
5208.T,1443.0,65,115,-7190,48042954752,16.510298,0.9902369,87.4,1457.227,0.85160005,0.328,82.0,0.056904927,6.08,84.0,0.0583,1017.0,1706.0,none,,1444.0,1453.0,1439.0,1443.0,1443.0,199300,7.568,14.888,-7.32,28.0,36.48,-8.48,1574.544,-131.544,41.798,40.252,33.333,-67.932,-3.875,56.894,0.159,31.728,-0.322,31.092,-0.575,53.529,0.003,39.832,-0.292,74.397,0.35,25.436,-0.482,34.761,-0.457,44.165,-0.234,7.376,-1.121,24.682,-0.999,41.356,-0.076,Dead,127,77.76190476190476,Dead,7,138.08474576271186
5351.T,1674.0,59,115,-432,76339920896,7.1753106,0.8708164,233.3,1922.334,0.3428,0.711,36.0,0.021608643,4.16,90.0,0.054,1396.0,2167.0,none,,1665.0,1684.0,1665.0,1674.0,1674.0,49400,-41.885,-35.534,-6.35,27.85,35.492,-7.642,1575.486,98.514,44.19,23.121,50.0,-62.256,-5.711,9.967,-1.141,23.671,-0.493,27.311,-0.729,54.118,0.109,37.731,-0.436,96.093,2.647,84.705,0.954,37.699,-0.442,31.486,-0.734,38.055,-0.064,26.124,-0.98,33.559,-0.364,Dead,22,190.3170731707317,Dead,7,130.74193548387098
5406.T,1564.5,66,115,-2988,617447096320,5.6682725,0.5575296,276.01,2806.129,0.41419998,,45.0,0.028892456,2.41,90.0,0.057800002,1444.5,2186.5,hold,5,1565.0,1572.5,1560.5,1564.5,1564.5,2872000,-71.733,-58.491,-13.242,27.106,53.429,-26.323,1737.32,-172.82,32.282,8.532,50.0,-83.316,-12.486,16.613,-0.649,25.843,-0.411,27.76,-0.662,88.149,1.303,17.127,-1.025,70.361,0.239,22.41,-0.57,16.545,-1.035,14.274,-1.28,44.372,0.122,11.712,-1.323,22.422,-0.611,Dead,265,-49.756097560975604,Dead,5,111.62337662337663
5408.T,729.0,63,115,-2988,39493865472,,0.37319985,,1953.377,0.3436,0.556,49.0,0.06749311,3.7,40.0,0.0551,706.0,993.0,none,,725.0,733.0,724.0,729.0,729.0,190200,-45.588,-40.331,-5.257,11.145,50.0,-38.855,787.242,-58.242,25.311,6.977,33.333,-95.556,-13.438,24.917,-0.323,36.047,-0.136,2.857,-1.652,83.361,1.048,8.235,-1.416,41.064,-0.535,42.976,-0.078,8.312,-1.379,14.61,-1.171,15.675,-0.829,0.679,-1.44,23.559,-0.6,Dead,167,43.375,Dead,117,30.719298245614027
5411.T,1723.5,63,115,,1096302854144,5.4228806,0.43505195,317.82,3961.596,0.5166,1.445,100.0,0.05842828,3.53,100.0,0.0584,1689.0,2646.5,buy,8,1712.0,1732.0,1697.5,1723.5,1723.5,7496000,-124.719,-109.38,-15.339,18.999,48.794,-29.795,1838.402,-114.902,28.937,8.497,41.667,-88.103,-17.46,18.457,-0.663,34.803,-0.255,9.395,-1.386,79.628,0.887,13.488,-1.165,33.915,-0.488,43.199,-0.198,9.944,-1.283,14.219,-1.265,16.048,-0.654,4.605,-1.551,15.117,-0.831,Dead,220,-7.162162162162161,Dead,170,-53.10606060606061
5440.T,1760.0,57,115,,76487843840,7.03381,0.38170043,250.22,4610.946,0.41369998,0.715,75.0,0.043277554,4.15,120.0,0.0692,1478.0,2665.0,hold,3,1741.0,1773.0,1731.0,1760.0,1760.0,100700,-90.267,-101.571,11.304,25.078,27.116,-2.038,1620.612,139.388,50.765,87.963,58.333,-64.991,-5.261,17.166,-0.98,62.788,0.367,20.258,-0.86,25.644,-0.699,43.326,-0.085,37.486,-0.435,59.285,0.441,49.123,0.067,81.287,1.153,63.594,0.672,19.098,-1.17,32.938,-0.208,Golden,15,166.38888888888889,Dead,0,117.12962962962963
5471.T,1175.0,57,115,-341,250542899200,7.9893923,0.5921585,147.07,1984.266,0.32369998,,47.0,0.04017094,2.89,52.0,0.0444,1113.0,1910.0,hold,4,1172.0,1184.5,1167.5,1175.0,1175.0,726600,-84.739,-67.315,-17.424,18.16,54.233,-36.074,1409.584,-234.584,29.187,6.26,33.333,-79.897,-14.705,4.402,-1.411,14.12,-0.929,6.134,-1.489,90.924,1.361,7.143,-1.474,87.864,1.107,7.897,-1.338,9.824,-1.324,11.671,-1.365,8.298,-1.104,12.892,-1.293,17.119,-0.789,Dead,42,135.24489795918367,Dead,202,-58.29310344827587
5481.T,1838.0,59,115,-2624,100139016192,7.703269,0.44353098,238.6,4144.017,0.5089,0.941,50.0,0.02759382,2.23,100.0,0.0552,1615.0,2875.0,buy,2,1812.0,1849.0,1812.0,1838.0,1838.0,60000,-73.705,-83.462,9.756,26.484,40.639,-14.155,1774.474,63.526,41.852,19.355,41.667,-65.744,-4.979,24.252,-0.456,62.209,0.19,22.689,-0.818,64.958,0.372,28.067,-0.622,35.495,-0.333,56.027,0.217,29.723,-0.581,24.265,-0.934,13.579,-0.719,21.883,-1.096,35.678,-0.182,Golden,67,125.0,Dead,7,109.98630136986301
5527.T,933.0,-49,-5,,3807806208,,0.55313736,,1686.742,0.6677,,45.0,0.048806943,,90.0,0.097600006,724.0,1246.0,none,,932.0,944.0,922.0,933.0,933.0,47200,3.031,-16.615,19.646,45.493,40.845,4.648,1199.0,-266.0,53.208,3.971,50.0,42.017,-5.123,96.875,1.797,57.292,0.469,95.122,1.561,42.683,-0.211,87.805,0.911,34.737,-0.704,49.474,0.198,89.157,1.071,10.843,-0.919,40.0,-0.016,95.775,2.95,75.0,0.619,Golden,325,-25.0,Golden,25,100.0
5703.T,1540.0,57,115,-1526,95390375936,6.292392,0.42447793,244.74,3627.986,0.3177,0.57,60.0,0.039241333,4.09,70.0,0.0458,1386.0,1976.0,none,4,1534.0,1548.0,1532.0,1540.0,1540.0,187100,-54.08,-48.311,-5.769,24.804,47.881,-23.077,1501.479,38.521,40.046,32.402,50.0,-79.077,-6.356,19.743,-0.623,41.091,-0.203,20.049,-0.888,84.416,1.032,17.857,-0.991,37.43,-0.429,53.092,0.176,27.413,-0.689,34.874,-0.557,48.34,0.297,12.449,-1.332,26.841,-0.35,Dead,180,9.148936170212778,Dead,140,3.75
5715.T,1591.0,66,115,-2624,57683136512,12.3620825,0.45988652,128.7,3459.549,0.26209998,,55.0,0.034810126,4.45,60.0,0.038,1424.0,2100.0,none,,1579.0,1600.0,1578.0,1591.0,1591.0,62100,-48.889,-49.529,0.64,32.496,35.511,-3.015,1734.758,-143.758,50.843,31.013,58.333,-60.41,-5.8,24.799,-0.485,49.197,0.026,42.695,-0.259,53.409,0.053,44.318,-0.162,61.285,0.212,34.458,-0.446,51.419,0.008,34.225,-0.584,59.352,0.579,26.208,-0.956,33.142,-0.211,Golden,35,185.73170731707316,Dead,0,140.0
5830.T,1600.5,-25,115,,479578619904,11.20014,0.55396855,142.9,2889.153,0.2705,0.041,20.0,0.012562814,,40.0,0.0251,898.0,1694.0,buy,2,1600.0,1613.5,1588.5,1600.5,1600.5,1053300,72.364,61.007,11.358,49.701,26.919,22.782,1252.538,347.962,66.897,85.398,58.333,30.12,10.44,80.357,0.901,71.429,0.681,59.184,0.357,56.122,0.161,46.939,0.084,79.279,0.886,97.297,2.165,53.535,0.223,63.636,0.639,31.683,-0.235,25.287,-0.712,60.227,0.293,Golden,27,123.0,Golden,27,141.33333333333334
5831.T,1367.0,-25,115,,751083061248,10.929879,0.62332857,125.07,2193.065,0.3823,,39.0,0.028529627,,50.0,0.0366,1125.0,1659.5,none,8,1379.0,1384.5,1360.5,1367.0,1367.0,3515700,-19.013,-30.003,10.99,39.741,28.222,11.519,1217.703,149.297,56.33,87.912,58.333,-48.581,1.681,11.607,-1.419,77.679,0.886,52.041,0.033,51.02,0.027,46.939,0.001,55.856,0.029,88.288,1.021,40.404,-0.168,76.768,0.915,36.634,-0.101,11.494,-1.419,44.318,-0.092,Golden,22,168.0,Golden,22,120.5
5832.T,1693.0,-25,115,,302898020352,11.38534,0.53296363,148.7,3176.577,0.415,-0.005,47.0,0.027753174,,56.0,0.033099998,967.0,1749.0,none,2,1693.5,1715.5,1671.0,1693.0,1693.0,486700,44.584,36.366,8.218,41.095,16.755,24.34,1416.264,276.736,60.592,93.243,41.667,-32.034,8.132,66.071,0.198,70.536,0.398,50.0,-0.072,28.571,-0.658,59.184,0.293,80.18,0.984,95.495,1.731,56.566,0.113,84.848,1.101,3.96,-1.315,24.138,-0.92,62.5,0.262,Golden,7,238.0,Golden,22,123.0
5857.T,1738.0,57,115,-1344,133154086912,9.720358,1.0260224,178.8,1693.92,0.65629995,0.325,85.0,0.04933256,4.37,80.0,0.0464,1598.0,2133.0,none,1,1754.0,1758.0,1732.0,1738.0,1738.0,399000,-49.259,-43.102,-6.156,22.979,30.213,-7.234,1937.835,-199.835,39.297,5.128,41.667,-81.197,-8.817,12.129,-0.583,30.534,-0.228,13.648,-1.109,37.768,-0.296,32.79,-0.445,77.504,0.836,14.431,-0.675,20.84,-0.818,7.633,-1.443,17.979,-0.623,3.64,-1.534,17.489,0.024,Dead,120,71.0,Dead,0,115.33783783783784
5930.T,1897.0,63,115,,134981410816,25.059446,1.2713225,75.7,1492.147,0.4708,0.418,34.0,0.018299246,3.53,64.0,0.0344,1330.0,1960.0,none,,1868.0,1917.0,1868.0,1897.0,1897.0,94700,60.022,54.865,5.157,46.968,19.3,27.669,1741.105,155.895,58.48,83.551,58.333,69.368,7.222,95.266,1.737,79.651,0.6,73.613,0.669,18.403,-0.929,79.832,0.848,99.086,3.032,95.428,1.613,60.118,0.281,72.88,0.856,57.921,0.536,65.818,0.794,72.458,0.582,Golden,57,127.14893617021278,Golden,77,52.769230769230774
5932.T,695.0,37,177,,21784565760,8.7202015,0.22550526,79.7,3081.968,1.3699001,0.578,20.0,0.028612303,2.27,25.0,0.0358,610.0,974.0,none,,702.0,705.0,695.0,695.0,695.0,97900,-21.753,-21.829,0.076,23.427,46.853,-23.427,645.843,49.157,40.113,5.263,50.0,-62.872,-7.246,38.946,-0.216,47.789,0.012,18.293,-0.867,83.449,1.03,15.157,-1.009,9.37,-1.266,63.714,0.436,28.87,-0.551,10.609,-1.258,32.929,-0.009,22.735,-0.922,29.61,-0.425,Golden,60,104.23076923076923,Dead,5,93.57142857142857
5938.T,1713.5,57,115,,492250890240,21.309538,0.80492526,80.41,2128.769,1.5531,0.781,90.0,0.052847914,3.97,90.0,0.052800003,1551.0,2014.5,hold,9,1705.0,1723.0,1704.0,1713.5,1713.5,1103000,-7.966,-14.572,6.606,37.986,32.639,5.347,1629.543,83.957,48.135,53.109,41.667,17.265,-0.613,45.183,-0.107,57.558,0.226,54.202,0.093,41.597,-0.248,57.479,0.182,19.867,-0.857,55.029,0.31,42.737,-0.164,50.714,0.059,15.339,-0.688,53.35,0.221,46.356,0.042,Golden,32,141.5,Golden,22,101.01470588235294
5942.T,504.0,38,-5,,9916502016,,0.43307304,,1163.776,0.77779996,0.261,40.0,0.08016032,3.48,28.0,0.0561,452.0,596.0,none,,501.0,506.0,500.0,504.0,504.0,58600,0.976,1.009,-0.033,28.108,41.081,-12.973,498.557,5.443,48.201,20.755,50.0,3.863,-4.159,56.38,-0.005,46.038,-0.002,28.27,-0.594,67.173,0.442,27.764,-0.556,46.995,-0.378,54.674,0.101,46.796,-0.118,26.644,-0.843,41.835,0.076,54.94,0.123,32.596,-0.237,Dead,0,155.58928571428572,Dead,0,106.5375
5949.T,986.0,70,115,,44143616000,5.9512315,0.27483487,165.68,3587.609,0.41,0.7,50.0,0.05159959,3.18,60.0,0.0619,906.0,1540.0,none,3,975.0,992.0,975.0,986.0,986.0,273400,-52.199,-30.682,-21.517,11.686,56.705,-45.019,1114.109,-128.109,19.399,4.783,33.333,-88.581,-20.381,21.932,-0.765,16.232,-0.876,1.273,-2.052,94.809,1.638,2.253,-1.917,39.749,-0.596,32.108,-0.474,2.055,-2.002,6.849,-1.447,3.223,-1.482,2.079,-1.57,7.418,-1.376,Dead,138,41.26829268292684,Dead,98,19.22222222222223
5970.T,1595.0,59,115,-3904,68744019968,5.7271094,0.3600489,278.5,4429.954,0.2771,0.843,35.0,0.02219404,3.72,74.0,0.0469,1483.0,2210.0,none,1,1547.0,1613.0,1547.0,1595.0,1595.0,413000,-75.472,-77.322,1.85,13.027,40.613,-27.586,1535.0,60.0,35.604,44.444,41.667,-88.513,-6.789,8.53,-1.395,57.027,0.102,5.012,-1.572,65.078,0.345,15.448,-1.014,77.561,0.795,65.203,0.336,19.048,-0.896,46.305,-0.189,20.082,-0.557,6.965,-1.473,29.163,-0.412,Golden,0,202.0,Dead,185,-45.31746031746033
5976.T,977.0,64,115,,34143315968,12.525641,0.5668632,78.0,1723.52,1.2234,0.107,50.0,0.0513347,3.71,50.0,0.0513,870.0,1156.0,none,,979.0,982.0,974.0,977.0,977.0,100300,-20.501,-17.835,-2.666,10.879,46.862,-35.983,1093.027,-116.027,20.863,3.333,33.333,-82.701,-5.367,19.435,-0.634,34.718,-0.216,0.252,-2.056,85.882,1.036,4.706,-1.637,84.539,1.074,13.383,-1.031,1.427,-2.051,5.877,-1.539,6.287,-1.186,5.852,-1.537,25.763,-0.418,Dead,132,36.529411764705884,Dead,12,93.37037037037037
6013.T,1640.0,71,115,,128476291072,13.151564,1.1874816,124.7,1381.074,0.37919998,0.518,52.0,0.031649422,2.52,56.0,0.0341,1439.0,1998.0,buy,5,1643.0,1651.0,1634.0,1640.0,1640.0,210200,-23.525,-31.519,7.994,41.21,31.505,9.705,1539.938,100.062,52.236,55.172,58.333,-44.957,0.007,24.751,-0.6,72.342,0.533,59.076,0.262,44.286,-0.227,57.731,0.253,87.199,1.29,75.229,0.69,50.126,0.035,52.141,0.13,62.951,0.673,29.262,-0.822,46.441,0.076,Golden,22,184.3095238095238,Golden,22,111.73015873015873
6023.T,1677.0,56,115,,53128368128,,1.0308771,,1626.77,0.2878,0.868,49.0,0.029823493,3.41,88.0,0.053600002,905.0,1994.0,none,,1591.0,1683.0,1591.0,1677.0,1677.0,212400,4.35,1.116,3.234,32.123,32.577,-0.454,1723.08,-46.08,55.051,98.271,58.333,-59.179,8.074,54.433,-0.059,62.808,0.185,35.382,-0.381,44.767,-0.153,44.684,-0.118,98.192,3.155,29.745,-0.328,55.685,0.178,94.689,1.444,67.523,0.749,23.051,-1.037,68.007,0.417,Golden,0,212.02380952380952,Dead,0,160.27272727272728
6058.T,995.0,42,86,-3018,46669877248,9.000452,3.034656,110.55,327.879,0.2827,0.838,29.0,0.02974359,0.35,64.0,0.0656,760.0,1405.0,none,1,951.0,999.0,949.0,995.0,995.0,483100,-53.074,-65.364,12.29,39.75,25.25,14.5,839.233,155.767,61.724,96.296,50.0,-66.359,-2.304,13.43,-0.881,75.728,0.571,50.993,0.144,29.139,-0.618,63.411,0.404,38.088,-0.303,75.203,0.677,72.066,0.602,94.38,1.459,35.255,-0.034,9.275,-1.544,31.987,-0.265,Golden,30,130.71428571428572,Golden,10,130.15625
6062.T,1283.0,62,206,-1803,41900597248,8.059046,2.28304,159.2,561.97,0.22940001,0.89,30.0,0.023255814,1.31,68.0,0.052699998,1089.0,1717.0,none,,1284.0,1297.0,1265.0,1283.0,1283.0,72200,-50.877,-35.323,-15.554,32.136,33.265,-1.129,1376.652,-93.652,43.258,26.573,50.0,-86.462,-9.15,4.839,-1.663,12.903,-0.973,32.013,-0.526,54.29,0.116,38.284,-0.345,90.468,1.35,24.394,-0.614,28.501,-0.611,31.466,-0.731,48.44,0.181,2.689,-1.699,16.275,-0.831,Dead,158,25.75,Dead,133,-3.0
6071.T,641.0,66,24,-3263,24222556160,13.068297,3.040018,49.05,210.854,0.1453,0.973,6.0,0.009646302,0.9,14.0,0.0225,460.0,777.0,none,1,628.0,647.0,628.0,641.0,641.0,204600,8.783,13.921,-5.137,40.237,28.205,12.032,728.172,-87.172,56.091,25.373,58.333,60.547,1.685,49.916,0.069,29.848,-0.298,58.549,0.232,44.56,-0.269,57.686,0.261,57.939,0.241,25.676,-0.538,56.207,0.189,29.483,-0.786,57.388,0.548,66.725,0.774,47.452,0.058,Dead,15,166.66666666666666,Golden,15,120.80645161290323
6088.T,934.0,63,115,-5,79302017024,7.800885,2.9213884,119.73,319.711,0.2873,0.85,27.0,0.029347826,1.41,32.5,0.0353,547.0,982.0,strong_buy,3,930.0,941.0,920.0,934.0,934.0,653000,43.993,30.648,13.345,48.941,11.482,37.459,803.451,130.549,76.102,89.08,66.667,76.0,13.563,90.167,1.583,92.95,1.38,78.857,0.818,4.952,-1.634,87.619,1.262,95.539,1.904,91.45,1.293,88.403,1.353,80.798,1.149,85.417,1.347,82.879,1.046,79.612,0.738,Golden,68,102.21739130434781,Golden,98,7.0
6183.T,1262.0,36,86,,92833849344,10.83913,1.3796707,116.43,914.711,0.7309,0.482,90.0,0.07240547,3.47,60.0,0.048299998,1236.0,1862.0,none,4,1250.0,1269.0,1236.0,1262.0,1262.0,409800,-76.616,-60.709,-15.908,16.444,53.63,-37.185,1397.01,-135.01,26.626,8.202,41.667,-78.94,-14.301,11.685,-1.286,18.652,-0.72,4.408,-1.628,91.647,1.515,5.568,-1.628,40.09,-0.108,26.126,-0.705,6.25,-1.547,12.731,-1.389,14.747,-0.675,11.19,-1.403,11.164,-1.081,Dead,45,171.66666666666666,Dead,45,74.8076923076923
6184.T,538.0,9,58,-2288,19938011136,18.487972,6.1746817,29.1,87.13,0.2013,0.551,4.0,0.0074766357,0.32,20.0,0.0374,348.0,788.0,none,,535.0,546.0,533.0,538.0,538.0,398200,2.179,-9.959,12.138,53.25,23.75,29.5,457.328,80.672,71.831,90.26,58.333,18.564,12.037,45.434,-0.039,73.059,0.594,86.557,1.14,24.764,-0.698,81.604,0.97,26.316,-0.761,63.844,0.408,87.059,1.121,85.412,1.264,62.998,0.636,48.426,0.178,71.981,0.625,Golden,70,152.5,Golden,65,97.22222222222223
6200.T,1071.0,52,300,-705,89858400256,18.60667,9.045226,57.56,118.405,0.5003,1.179,20.0,0.01863933,1.0,43.5,0.0405,693.0,1119.0,strong_buy,3,1076.0,1087.0,1067.0,1071.0,1071.0,259600,38.974,34.661,4.314,31.397,21.024,10.373,920.493,150.507,52.953,75.472,41.667,74.496,9.845,72.076,0.519,59.427,0.251,22.469,-0.796,24.444,-0.749,52.593,0.006,62.44,0.405,77.751,0.787,45.813,-0.159,63.3,0.597,12.745,-0.879,71.32,0.877,62.025,0.343,Golden,102,82.375,Golden,92,30.14285714285714
6203.T,1092.0,71,115,-4145,13170393088,10.9748745,0.74493337,99.5,1465.903,0.8953,0.459,20.0,0.01826484,2.58,40.0,0.0365,661.0,1222.0,none,,1095.0,1106.0,1067.0,1092.0,1092.0,166800,67.962,43.313,24.649,56.941,16.581,40.36,877.937,214.063,74.221,75.604,58.333,56.308,16.919,90.449,1.034,91.611,1.154,92.353,1.578,9.664,-1.358,92.269,1.532,53.616,-0.257,89.692,1.157,92.779,1.571,78.338,1.034,70.746,0.832,75.742,0.967,90.339,1.222,Golden,62,113.71428571428572,Golden,32,87.85507246376811
6228.T,1098.0,-25,24,-250,14394779648,,1.1601161,,946.457,0.32279998,0.694,34.0,0.030993618,,34.0,0.031,1072.0,4965.0,none,,1088.0,1105.0,1084.0,1098.0,1098.0,51900,-378.782,-360.454,-18.328,3.67,53.767,-50.097,1458.232,-360.232,10.116,2.235,25.0,-95.966,-65.195,2.809,-2.014,17.978,-0.147,0.0,-1.492,89.831,1.37,0.0,-1.468,73.446,-0.021,15.819,-0.406,0.0,-1.884,13.559,-1.097,67.066,0.471,0.654,-2.735,7.792,-2.099,Dead,215,-165.0,Dead,145,-90.0
6240.T,616.0,62,115,-2562,43740377088,28.584688,1.9861549,21.55,310.147,0.3968,0.64,3.0,0.0050083473,1.16,14.0,0.0234,299.0,668.0,none,,560.0,619.0,560.0,616.0,616.0,4297000,42.341,29.782,12.559,53.012,24.096,28.916,363.326,252.674,65.443,89.72,58.333,76.547,24.299,79.15,0.618,84.818,0.78,81.667,0.973,28.125,-0.647,76.667,0.829,39.148,-0.509,94.523,1.802,74.012,0.707,85.031,1.259,67.702,0.669,80.81,1.123,87.021,1.127,Golden,15,230.0,Golden,15,162.25
6255.T,910.0,-49,268,-5578,19615778816,10.60606,2.0255847,85.8,449.253,0.1285,1.833,10.0,0.010905125,0.67,20.0,0.0218,620.0,1497.0,none,,941.0,944.0,907.0,910.0,910.0,917600,-14.99,3.061,-18.051,34.843,26.945,7.898,989.086,-79.086,49.103,31.667,33.333,-77.915,-12.127,27.133,-0.161,13.626,-0.709,43.133,-0.187,31.084,-0.56,54.096,0.212,71.53,0.259,33.333,-0.27,46.691,-0.078,37.425,-0.469,3.241,-1.254,14.286,-1.318,25.732,-0.333,Dead,120,74.53125,Golden,10,126.22222222222223
6257.T,1339.0,65,115,-4086,27994740736,12.490672,0.57865894,107.2,2313.971,0.22780001,0.631,55.0,0.041698255,5.17,55.0,0.0417,1066.0,1434.0,none,,1312.0,1343.0,1312.0,1339.0,1339.0,74700,11.053,4.5,6.553,41.3,25.813,15.488,1195.985,143.015,64.058,96.875,75.0,44.684,5.491,61.625,0.323,70.88,0.501,62.271,0.383,30.734,-0.586,67.087,0.505,71.751,0.471,87.345,1.187,75.372,0.755,93.585,1.487,88.571,1.472,63.415,0.658,76.798,0.624,Golden,92,175.08333333333331,Golden,22,112.8913043478261
6315.T,1603.0,64,115,-67,120235106304,8.297961,2.0395544,193.18,785.956,0.120299995,1.307,13.333,0.008401386,1.27,40.0,0.0252,1521.0,4853.3335,buy,6,1610.0,1675.0,1575.0,1603.0,1603.0,8255600,-351.351,-283.402,-67.949,22.614,48.352,-25.738,1965.073,-362.073,27.662,2.862,33.333,-91.932,-59.659,0.0,-4.237,1.696,-2.584,16.738,-1.09,76.91,0.74,18.026,-0.939,95.925,2.5,1.952,-1.724,11.235,-1.296,9.348,-1.363,6.849,-1.208,4.506,-1.5,3.723,-1.481,Dead,165,49.0,Dead,120,15.967741935483872
6326.T,1879.5,72,24,,2170108379136,9.549335,0.94362354,196.82,1991.79,0.22610001,0.766,49.0,0.026182206,2.04,50.0,0.026700001,1678.0,2565.0,buy,11,1889.5,1898.0,1879.5,1879.5,1879.5,4049300,-72.225,-62.944,-9.281,19.756,45.061,-25.304,1796.733,82.767,32.9,0.0,33.333,-80.034,-9.842,3.933,-1.582,21.91,-0.536,4.87,-1.587,78.166,0.828,10.958,-1.24,74.699,0.859,66.586,0.428,9.165,-1.293,0.0,-1.683,4.453,-1.364,6.47,-1.485,17.103,-0.873,Dead,190,-12.199999999999989,Dead,5,117.1917808219178
6339.T,934.0,64,115,,48992317440,,0.40720728,,2293.672,0.33200002,0.271,24.0,0.02603037,3.56,44.0,0.0477,866.0,1360.0,none,,925.0,937.0,923.0,934.0,934.0,109400,-38.677,-35.762,-2.914,22.196,44.159,-21.963,1027.784,-93.784,33.779,7.692,33.333,-80.444,-9.794,12.791,-0.93,36.96,-0.202,13.193,-1.101,78.319,0.804,16.555,-1.001,74.73,0.572,19.534,-0.745,13.014,-1.118,12.091,-1.343,4.443,-1.257,11.62,-1.337,18.22,-0.733,Dead,12,185.7906976744186,Dead,187,-55.33333333333334
6345.T,1434.0,57,115,,106919329792,16.658922,1.3018788,86.08,1101.485,0.56310004,0.215,41.0,0.029667148,3.66,40.0,0.028900001,950.0,1438.0,none,1,1390.0,1438.0,1367.0,1434.0,1434.0,213200,37.612,24.317,13.296,59.091,14.05,45.041,1087.775,346.225,79.159,98.813,75.0,4.41,16.541,88.372,0.845,93.522,1.222,94.034,1.586,5.546,-1.495,95.882,1.626,92.519,1.446,98.919,3.107,95.466,1.617,96.558,1.395,94.216,1.908,42.494,-0.124,92.034,1.091,Golden,0,193.82222222222222,Golden,22,120.54237288135593
6371.T,1918.0,66,115,-67,197237522432,9.737029,0.7902282,196.98,2427.147,0.33310002,0.632,66.333,0.035059724,3.47,80.0,0.0423,1245.0,2216.6667,none,1,1893.0,1933.0,1889.0,1918.0,1918.0,277500,12.192,30.441,-18.25,33.557,35.861,-2.304,1933.743,-15.743,45.607,38.925,33.333,-73.538,-2.796,54.319,0.087,11.711,-1.142,36.05,-0.404,56.134,0.132,40.84,-0.273,97.34,2.246,43.142,-0.142,33.249,-0.453,35.516,-0.498,5.951,-1.276,10.348,-1.452,34.492,-0.169,Dead,117,83.23255813953489,Dead,82,45.16417910447761
6378.T,976.0,66,115,,19330949120,,1.0851787,,899.391,0.14829999,0.52,25.0,0.025879918,2.01,30.0,0.0311,553.0,1015.0,none,,965.0,984.0,958.0,976.0,976.0,158900,57.977,28.989,28.987,55.233,12.399,42.834,732.215,243.785,80.34,97.36,83.333,76.479,22.496,93.106,1.39,97.674,2.159,87.479,1.313,5.882,-1.621,92.857,1.552,79.302,0.827,96.176,1.783,96.054,1.784,96.474,1.558,99.581,2.484,86.344,1.273,91.186,1.306,Golden,97,90.28260869565219,Golden,67,44.118421052631575
6390.T,1328.0,72,115,-2988,15581158400,4.4459324,0.33909696,298.7,3916.284,0.17979999,0.447,45.0,0.03391108,2.7,70.0,0.052800003,853.0,1575.0,none,,1321.0,1331.0,1320.0,1328.0,1328.0,40400,0.192,-16.075,16.268,32.667,24.333,8.333,1064.433,263.567,56.952,90.155,83.333,9.538,6.617,48.837,-0.025,67.691,0.416,40.084,-0.316,25.294,-0.765,59.328,0.253,33.998,-0.684,77.307,0.708,62.469,0.359,82.368,1.191,98.407,2.382,54.283,0.149,65.678,0.464,Golden,57,170.76315789473685,Golden,27,104.25
6395.T,1181.5,71,24,,149946531840,12.639067,0.7993386,93.48,1478.097,0.2733,0.656,15.0,0.013003902,1.48,26.0,0.0225,844.7,1367.0,buy,4,1155.0,1193.5,1155.0,1181.5,1181.5,329100,-2.398,-33.967,31.569,45.161,22.301,22.86,922.711,258.789,68.09,95.97,58.333,-20.41,11.529,39.95,-0.129,96.512,1.769,72.269,0.519,20.84,-0.889,76.303,0.745,48.628,0.045,94.597,1.539,80.521,0.952,91.772,1.348,59.681,0.603,37.659,-0.475,80.763,0.73,Golden,27,154.14583333333334,Golden,22,101.76811594202898
6418.T,1028.0,65,115,-7251,27685478400,33.81579,0.88140553,30.4,1166.319,0.2093,0.927,19.0,0.018590998,1.73,40.0,0.039100002,761.0,1726.0,none,,1040.0,1046.0,1012.0,1028.0,1028.0,319100,-55.016,-73.301,18.285,44.858,15.317,29.54,824.98,203.02,66.447,89.222,75.0,-62.325,-0.549,19.423,-0.719,85.751,0.851,67.21,0.456,5.751,-1.579,84.635,1.058,26.74,-0.742,86.333,1.04,84.477,1.031,85.849,1.358,97.003,2.022,30.156,-0.866,52.987,0.081,Golden,15,170.31914893617022,Golden,10,106.83098591549296
6445.T,1047.0,66,115,-3354,19196534784,,0.56351036,,1857.996,0.3966,1.182,25.0,0.023234202,3.77,50.0,0.0465,566.0,1220.0,none,,1046.0,1060.0,1026.0,1047.0,1047.0,207400,83.419,62.355,21.064,51.129,11.935,39.194,826.708,220.292,72.629,79.355,58.333,91.179,21.009,91.86,1.152,88.787,0.913,83.445,1.103,5.546,-1.555,90.336,1.393,57.606,-0.22,90.191,1.18,89.84,1.336,79.345,1.071,75.189,1.012,95.674,1.58,91.271,1.32,Golden,102,113.5,Golden,112,28.25
6471.T,670.5,59,115,,327736360960,11.528542,0.5099841,58.16,1314.747,1.3646001,0.388,32.0,0.048026416,3.4,34.0,0.051,647.3,904.0,hold,9,666.6,676.0,666.6,670.5,670.5,2568900,-31.548,-27.323,-4.225,15.704,55.611,-39.908,776.172,-105.672,25.693,17.556,33.333,-84.0,-9.225,24.318,-0.624,35.474,-0.259,5.519,-1.544,89.123,1.275,7.63,-1.447,47.47,-0.191,22.49,-0.686,8.435,-1.382,25.142,-1.004,8.259,-1.088,9.582,-1.361,25.45,-0.396,Dead,120,97.92682926829269,Dead,200,-40.27272727272728
6473.T,1076.5,59,115,,369238441984,8.568813,0.47095212,125.63,2285.795,0.66059995,0.588,45.0,0.04253308,2.69,50.0,0.0473,844.3,1473.0,buy,3,1055.0,1079.0,1050.0,1076.5,1076.5,1167200,-30.254,-41.074,10.82,45.175,32.58,12.594,912.138,164.362,58.904,57.41,33.333,-50.017,1.314,29.856,-0.465,72.632,0.51,73.214,0.615,42.208,-0.224,66.315,0.431,29.157,-0.683,78.233,0.819,67.478,0.473,53.204,0.187,9.798,-1.087,28.501,-0.844,54.337,0.169,Golden,90,79.71698113207546,Golden,15,107.05479452054794
6486.T,1948.0,59,115,,88787501056,9.74,0.78085166,200.0,2494.712,0.7339,0.588,95.0,0.049582463,4.92,100.0,0.052199997,1548.0,2180.0,none,,1936.0,1966.0,1933.0,1948.0,1948.0,61200,27.438,48.777,-21.339,28.75,32.361,-3.611,2165.867,-217.867,44.421,8.3,41.667,40.513,-2.195,58.97,0.243,11.545,-1.103,22.941,-0.807,48.487,-0.089,37.647,-0.347,94.098,1.808,12.219,-1.186,30.563,-0.524,12.007,-1.38,13.831,-0.731,54.707,0.389,35.593,-0.092,Dead,32,149.14583333333334,Dead,7,123.69230769230768
6498.T,1122.0,70,24,,98303909888,8.579949,0.96030974,130.77,1168.373,0.3401,0.331,23.0,0.02070207,3.04,44.0,0.0396,880.0,1398.0,none,1,1111.0,1128.0,1110.0,1122.0,1122.0,233400,-10.082,-22.697,12.615,48.519,18.679,29.841,1025.731,96.269,66.358,95.489,50.0,-30.667,4.086,24.751,-0.45,92.027,1.188,75.798,0.78,17.143,-1.074,81.681,0.965,91.521,1.473,83.707,0.909,76.91,0.78,89.337,1.281,31.182,-0.111,34.182,-0.601,58.136,0.263,Golden,57,153.97560975609755,Golden,22,105.38461538461539
6535.T,532.0,7,239,-400,30654052352,9.901359,1.9609795,53.73,271.293,0.5239,0.461,22.0,0.040892195,,52.0,0.0967,350.0,575.0,none,,504.0,538.0,499.0,532.0,532.0,256100,17.897,15.82,2.077,55.46,17.816,37.644,445.342,86.658,73.973,77.953,66.667,42.701,7.925,86.902,0.956,60.957,0.32,94.256,1.511,2.35,-1.64,96.867,1.648,72.727,0.559,91.667,1.324,96.094,1.645,78.906,0.965,84.456,1.226,62.903,0.625,76.139,0.621,Golden,70,104.6875,Golden,30,87.29166666666667
6638.T,1483.0,71,115,-3539,42789146624,10.407018,1.4563059,142.5,1018.33,0.1692,0.822,32.5,0.02232143,2.27,32.5,0.0223,864.0,2230.0,none,1,1460.0,1493.0,1460.0,1483.0,1483.0,127400,10.583,25.919,-15.336,28.133,32.732,-4.599,1326.202,156.798,43.095,45.119,50.0,-79.282,-8.359,59.361,0.04,16.781,-0.825,26.798,-0.671,47.912,-0.14,39.791,-0.266,96.343,1.939,86.286,1.039,34.878,-0.409,47.045,-0.105,41.618,0.098,16.216,-1.255,29.695,-0.114,Dead,123,103.60714285714286,Dead,0,139.95454545454547
6644.T,767.0,63,115,,35590025216,10.185923,0.6944055,75.3,1104.542,0.5877,0.122,10.0,0.013071896,3.49,20.0,0.026099999,514.0,830.0,buy,2,765.0,772.0,762.0,767.0,767.0,80500,26.487,27.045,-0.558,42.611,20.69,21.921,725.667,41.333,65.95,66.897,58.333,73.265,6.169,82.226,0.703,46.927,-0.055,68.487,0.464,13.782,-1.038,77.731,0.794,66.251,0.228,61.014,0.366,80.353,0.918,63.14,0.524,65.549,0.713,82.019,1.077,70.0,0.524,Dead,0,158.6727272727273,Golden,82,38.4225352112676
6653.T,1197.0,57,24,,15948229632,9.116527,1.0000427,131.3,1196.949,0.3194,0.667,37.5,0.030838815,2.28,40.0,0.032899998,966.0,1630.0,none,,1216.0,1223.0,1197.0,1197.0,1197.0,137400,-28.403,-16.106,-12.297,26.836,41.384,-14.548,1128.522,68.478,37.072,20.725,41.667,-65.333,-7.569,33.144,-0.422,20.397,-0.495,25.074,-0.7,71.386,0.609,27.139,-0.675,59.091,-0.14,61.648,0.433,24.706,-0.714,35.882,-0.688,18.421,-0.615,25.305,-0.932,28.267,-0.512,Dead,152,60.72727272727272,Dead,7,101.86363636363636
6670.T,1396.0,62,115,-2351,137169567744,9.796492,1.6065958,142.5,868.918,0.2747,0.635,37.0,0.026850509,3.42,80.0,0.0581,1024.0,1581.0,none,1,1400.0,1405.0,1385.0,1396.0,1396.0,119900,6.616,23.024,-16.408,36.946,37.529,-0.583,1281.453,114.547,52.026,29.6,33.333,-27.453,-3.206,60.718,-0.017,4.963,-1.697,48.982,-0.096,63.451,0.32,43.73,-0.212,96.723,1.995,87.526,1.038,49.893,-0.043,32.227,-0.678,10.043,-1.053,32.538,-0.592,34.995,0.028,Dead,40,135.51282051282053,Dead,0,116.35593220338983
6703.T,955.0,64,115,-2988,82808815616,7.3264284,0.59582746,130.35,1602.813,0.0938,0.343,30.0,0.031982943,3.86,60.0,0.064,773.0,1216.0,strong_buy,1,942.0,955.0,942.0,955.0,955.0,365000,-17.227,-14.752,-2.475,25.0,38.172,-13.172,885.697,69.303,35.149,19.231,25.0,-69.641,-3.485,49.679,0.074,42.456,-0.05,24.432,-0.723,50.893,0.056,38.231,-0.397,18.072,-0.792,59.277,0.22,22.871,-0.762,29.359,-0.839,2.996,-1.531,24.652,-0.968,47.709,0.041,Dead,15,206.34146341463415,Dead,5,153.66071428571428
6727.T,726.0,57,115,-4206,102543867904,11.677658,3.067355,62.17,236.686,0.6782,,20.0,0.028050492,2.28,40.0,0.0561,542.0,848.0,none,2,706.0,731.0,704.0,726.0,726.0,743900,8.582,4.205,4.377,41.148,26.555,14.593,768.768,-42.768,60.328,93.519,58.333,-19.521,3.554,64.423,0.2,64.103,0.33,59.111,0.169,26.356,-0.71,67.354,0.455,85.989,0.985,43.316,-0.268,68.472,0.544,87.216,1.328,68.324,0.773,45.445,-0.289,60.636,0.279,Golden,25,171.57142857142858,Golden,10,133.61702127659575
6741.T,923.0,63,115,,57568616448,10.476731,0.6010069,88.1,1535.756,0.32840002,,34.0,0.03723987,2.75,31.0,0.034,874.0,1079.0,none,,922.0,926.0,916.0,923.0,923.0,91900,-19.377,-15.713,-3.664,30.409,46.491,-16.082,972.84,-49.84,37.402,27.473,50.0,-73.265,-5.109,21.678,-0.682,32.392,-0.327,33.025,-0.475,76.387,0.843,28.739,-0.691,65.835,0.603,34.663,-0.455,22.334,-0.849,30.73,-0.74,38.055,-0.001,16.879,-1.23,29.153,-0.454,Dead,117,74.33333333333334,Dead,12,119.92307692307693
6750.T,1449.0,71,115,-1344,110641872896,11.629213,1.4546105,124.6,996.143,0.4239,0.228,22.0,0.0152143845,2.2,48.0,0.0332,1323.0,1820.0,none,5,1447.0,1460.0,1443.0,1449.0,1449.0,159100,-36.936,-36.521,-0.416,26.407,26.84,-0.433,1568.808,-119.808,49.643,39.13,41.667,-73.538,-4.536,12.81,-0.928,48.072,-0.013,19.663,-0.921,34.972,-0.469,39.747,-0.247,73.103,0.647,21.103,-0.705,40.112,-0.268,35.905,-0.506,16.084,-0.681,12.981,-1.514,25.214,-0.588,Dead,103,87.0,Dead,103,52.45454545454547
6752.T,1475.5,59,115,,3444702183424,8.738525,0.7760055,168.85,1901.404,0.2542,0.906,37.5,0.025808671,2.41,40.0,0.0275,986.9,1558.5,buy,16,1461.0,1503.0,1458.5,1475.5,1475.5,9776900,36.889,-0.024,36.913,55.848,13.432,42.416,1296.315,179.185,81.474,87.462,75.0,22.803,12.701,75.04,0.626,96.87,1.738,91.234,1.394,3.409,-1.789,94.481,1.642,45.542,-0.28,80.402,0.858,96.837,1.912,81.103,1.147,93.522,1.722,57.166,0.376,89.28,1.074,Golden,75,82.71929824561403,Golden,25,97.87671232876713
6754.T,1172.0,56,115,,154450853888,16.810097,1.252968,69.72,935.379,0.7396,,40.0,0.03449763,2.43,40.0,0.0345,936.1,1376.5,hold,7,1163.0,1175.0,1151.5,1172.0,1172.0,596600,-6.306,-14.092,7.786,34.905,34.542,0.363,1204.511,-32.511,48.42,78.797,50.0,-29.436,0.988,49.419,0.039,72.425,0.441,50.756,-0.096,44.286,-0.196,54.118,0.052,67.664,0.251,47.215,-0.084,50.378,-0.046,74.055,0.911,40.821,0.056,45.123,-0.389,57.203,0.21,Golden,32,141.6,Golden,22,98.56338028169014
6769.T,966.0,-32,24,-4360,10317265920,51.38298,1.1576806,18.8,834.427,1.4178,0.226,15.0,0.015576324,1.36,30.0,0.0312,798.0,1999.0,none,,966.0,978.0,962.0,966.0,966.0,71300,-36.609,19.522,-56.131,33.573,40.886,-7.313,1599.2,-633.2,39.505,0.55,33.333,-22.188,-31.781,34.622,-0.132,10.567,-0.723,42.87,-0.206,65.565,0.372,38.0,-0.302,64.402,-0.164,12.812,-0.838,32.667,-0.499,2.172,-1.361,9.974,-0.982,46.093,-0.228,10.0,-1.09,Dead,55,156.375,Dead,0,119.78260869565217
6770.T,1550.0,56,115,,318762123264,14.484628,0.8371039,107.01,1851.622,10.7527,0.78,40.0,0.025982462,2.22,60.0,0.039,1000.0,1653.0,hold,13,1533.0,1554.0,1518.5,1550.0,1550.0,1314500,39.233,49.608,-10.375,38.897,27.115,11.782,1345.642,204.358,55.904,49.008,66.667,32.923,0.916,69.181,0.35,28.652,-0.28,53.003,0.117,30.114,-0.595,62.013,0.368,47.952,-0.237,76.466,0.684,58.556,0.255,46.148,-0.083,79.676,1.106,58.886,0.411,50.573,0.172,Dead,120,88.13953488372093,Golden,15,114.85507246376812
6779.T,922.0,64,115,,21261135872,5.31504,0.7470008,173.47,1234.269,0.2711,0.449,15.0,0.016216217,2.51,30.0,0.0324,912.0,1570.0,buy,2,925.0,934.0,922.0,922.0,922.0,91200,-78.043,-62.631,-15.411,22.629,50.136,-27.507,1317.358,-395.358,32.162,0.0,25.0,-83.795,-24.863,18.106,-0.362,23.339,-0.312,16.639,-1.043,79.076,0.89,17.647,-0.993,54.198,-0.285,13.716,-0.847,18.892,-0.969,0.0,-1.351,2.012,-1.616,14.758,-1.19,11.695,-1.095,Dead,112,79.44444444444446,Dead,82,44.71641791044776
6785.T,1923.0,65,24,-3448,27586973696,9.702321,1.0889705,198.2,1765.888,0.2641,0.603,46.0,0.023626091,2.0,80.0,0.041100003,1077.0,1989.0,strong_buy,1,1955.0,1959.0,1913.0,1923.0,1923.0,60800,140.336,127.259,13.077,44.929,24.225,20.704,1515.193,407.807,61.468,85.0,50.0,85.368,15.249,99.862,3.105,87.19,1.028,66.152,0.412,28.792,-0.652,67.416,0.55,99.586,2.644,98.759,3.03,65.077,0.455,72.511,0.945,38.182,-0.057,88.445,1.267,86.61,1.118,Golden,103,79.24137931034483,Golden,103,36.05405405405406
6794.T,1452.0,71,115,,32421128192,12.644779,0.5470783,114.83,2654.099,0.2192,0.75,15.0,0.010409438,1.87,60.0,0.0416,977.0,1959.0,strong_buy,2,1444.0,1464.0,1441.0,1452.0,1452.0,228200,28.589,80.327,-51.738,38.706,41.495,-2.789,1935.7,-483.7,47.083,4.078,33.333,-4.205,-15.683,62.542,0.177,9.635,-1.36,50.504,-0.004,65.462,0.392,41.681,-0.203,75.977,0.68,8.063,-1.459,40.134,-0.251,9.908,-1.376,6.622,-1.162,43.427,-0.168,18.898,-0.587,Dead,32,196.81578947368422,Dead,7,137.23728813559322
6800.T,1717.0,65,115,,40024645632,9.516684,0.8064118,180.42,2129.185,0.95019996,0.904,22.0,0.013126492,1.85,48.0,0.0286,1384.0,2197.0,none,2,1588.0,1748.0,1577.0,1717.0,1717.0,292400,-52.927,-50.75,-2.176,42.295,32.131,10.164,1452.0,265.0,51.982,89.527,50.0,-84.547,-0.848,23.919,-0.632,41.985,-0.078,71.159,0.54,39.313,-0.3,65.923,0.434,65.62,0.274,88.54,1.111,55.403,0.096,83.448,1.243,40.154,0.004,10.832,-1.288,50.39,0.049,Dead,115,80.68181818181819,Golden,0,148.01724137931035
6810.T,1718.0,57,115,,74090815488,9.804257,0.8235696,175.23,2086.041,0.4368,0.522,55.0,0.031828705,2.18,50.0,0.028900001,1380.0,1950.0,none,6,1738.0,1757.0,1718.0,1718.0,1718.0,154200,17.078,35.884,-18.807,45.44,29.796,15.645,1647.384,70.616,57.579,21.453,41.667,-15.214,-3.022,64.748,0.219,13.789,-0.959,71.293,0.454,37.066,-0.338,67.823,0.41,43.697,0.022,63.145,0.29,65.039,0.291,21.451,-0.99,35.358,0.141,31.397,-0.666,26.296,-0.214,Dead,20,226.2,Golden,15,143.68421052631578
6817.T,985.0,64,24,,32552476672,6.6107383,0.58388984,149.0,1686.962,0.8525,1.145,54.0,0.05498982,3.33,53.0,0.054,771.0,1264.0,none,,983.0,993.0,976.0,985.0,985.0,231200,-38.48,-53.184,14.704,43.393,30.966,12.426,879.153,105.847,55.612,92.8,50.0,-46.53,0.106,35.714,-0.215,70.681,0.363,67.815,0.474,37.479,-0.374,65.63,0.436,33.167,-0.657,65.586,0.361,63.308,0.331,87.825,1.343,40.821,0.018,36.047,-0.679,53.644,0.201,Golden,47,149.70454545454547,Golden,22,111.17460317460316
6862.T,872.0,66,115,-2624,6513464832,7.5302243,1.101163,115.8,791.89,0.20989999,,12.0,0.014084507,1.56,26.0,0.0305,523.0,1565.0,strong_buy,,867.0,879.0,866.0,872.0,872.0,48300,4.611,-32.666,37.277,57.062,18.418,38.644,717.072,154.928,67.729,84.11,50.0,28.752,17.22,63.082,0.13,98.636,2.712,92.776,1.489,16.315,-0.991,91.883,1.318,81.044,0.649,93.815,1.36,89.051,1.203,89.619,1.459,49.636,0.338,62.572,0.532,89.034,1.03,Golden,70,114.08163265306123,Golden,20,111.25
6882.T,872.0,55,115,,11597599744,7.248545,0.4873139,120.3,1789.401,0.26540002,1.019,35.0,0.039863326,2.55,60.0,0.0683,839.0,1939.0,none,,888.0,890.0,872.0,872.0,872.0,81600,-81.078,-85.625,4.547,13.362,43.534,-30.172,1013.14,-141.14,26.599,0.0,33.333,-85.504,-15.05,4.351,-1.489,62.479,0.26,2.741,-1.667,58.638,0.269,18.272,-0.997,79.129,0.755,19.228,-0.79,10.041,-1.244,0.0,-1.45,11.35,-0.849,9.22,-1.301,19.347,-0.661,Golden,70,141.9047619047619,Dead,200,-69.92424242424244
6905.T,1207.0,-60,167,-6776,46655741952,12.292494,0.85814327,98.19,1406.525,0.4775,0.42,54.0,0.045150504,2.66,56.0,0.0468,1015.0,1644.0,none,1,1192.0,1216.0,1167.0,1207.0,1207.0,140800,-30.98,-41.866,10.886,31.664,33.81,-2.147,1141.481,65.519,51.639,73.822,66.667,-60.889,-0.832,30.365,-0.502,74.215,0.608,44.893,-0.217,47.983,-0.052,47.382,-0.079,41.935,-0.338,58.744,0.428,52.916,0.042,66.123,0.688,82.705,1.246,26.863,-0.997,44.935,0.018,Golden,45,169.0,Dead,0,143.79310344827587
6914.T,1874.0,71,24,-2442,66741198848,10.984759,1.4113784,170.6,1327.78,0.2798,0.81,40.0,0.020703934,1.99,40.0,0.0207,1327.0,2020.0,strong_buy,1,1932.0,1944.0,1873.0,1874.0,1874.0,208200,9.429,-18.358,27.787,42.857,26.27,16.587,1472.14,401.86,59.299,82.234,66.667,17.675,10.427,50.342,0.007,92.735,1.258,59.429,0.242,33.564,-0.552,63.841,0.416,70.317,0.491,97.006,1.779,61.366,0.337,70.787,0.84,81.622,1.205,49.258,0.072,74.695,0.675,Golden,27,156.04347826086956,Golden,22,122.64912280701753
6927.T,938.0,62,115,,17022636032,,1.0821762,,866.772,0.44990003,0.814,35.0,0.036764707,3.23,74.0,0.0777,465.0,1010.0,none,,950.0,958.0,933.0,938.0,938.0,160700,65.941,77.717,-11.776,38.717,22.803,15.914,891.916,46.084,48.649,39.496,50.0,84.342,2.763,93.525,1.664,9.455,-0.96,58.394,0.123,19.187,-0.868,67.57,0.513,88.272,1.049,77.263,0.493,53.646,0.041,51.146,-0.052,52.287,0.273,90.612,1.446,64.91,0.329,Dead,55,127.30769230769232,Golden,180,-13.414634146341456
6962.T,531.0,62,115,-1132,17139140608,11.421811,0.46163514,46.49,1150.259,3.0369,0.32,28.0,0.05323194,2.24,28.0,0.053200003,514.0,980.0,buy,2,526.0,536.0,521.0,531.0,531.0,315100,-50.873,-46.154,-4.719,23.885,45.144,-21.26,731.114,-200.114,33.882,8.13,50.0,-79.556,-20.573,9.688,-1.201,30.952,-0.342,21.346,-0.881,71.927,0.582,23.92,-0.756,73.788,0.656,3.78,-1.501,21.494,-0.853,16.929,-1.175,46.23,0.209,16.262,-1.156,15.327,-0.821,Dead,15,204.02439024390245,Dead,130,8.095238095238102
6963.T,1415.0,58,115,-432,546164539392,16.284958,0.5760005,86.89,2456.595,1.1277,0.704,50.0,0.03539823,1.92,50.0,0.0354,1397.0,2929.5,hold,11,1440.5,1444.5,1404.0,1415.0,1415.0,7772200,-189.532,-185.861,-3.671,25.513,49.981,-24.468,1886.384,-471.384,36.177,2.753,50.0,-77.983,-28.739,5.259,-1.456,42.07,-0.077,21.03,-0.842,81.459,0.896,18.627,-0.901,39.134,-0.393,11.121,-1.104,23.242,-0.786,6.518,-1.37,46.918,0.161,19.411,-1.093,3.55,-1.935,Dead,0,153.0701754385965,Dead,275,-144.609375
6965.T,1862.0,65,115,-67,573240901632,22.077307,1.740797,84.34,1069.625,0.468,0.456,38.0,0.020833334,1.03,38.0,0.0208,1636.0,3079.0,buy,7,1836.0,1904.5,1833.0,1862.0,1862.0,2791300,-144.641,-162.057,17.416,34.481,36.603,-2.123,2068.01,-206.01,46.369,46.28,50.0,-72.513,-6.489,2.076,-2.434,89.784,1.026,40.924,-0.234,57.143,0.1,41.261,-0.171,77.639,0.745,9.559,-1.158,36.02,-0.34,40.722,-0.245,36.211,-0.042,14.589,-1.396,22.966,-0.572,Golden,57,102.25925925925927,Dead,512,-395.3333333333333
6966.T,782.0,9,58,-126,142911291392,12.097773,1.346676,64.64,580.689,0.1863,1.48,15.2,0.01974026,0.68,17.6,0.0229,721.0,2002.0,buy,3,778.0,793.0,773.0,782.0,782.0,1248500,-140.752,-143.747,2.995,23.004,52.727,-29.722,920.397,-138.397,32.307,16.049,33.333,-94.325,-24.681,0.997,-2.937,74.917,0.241,17.395,-1.05,84.202,1.082,16.471,-1.102,85.869,0.948,6.983,-0.876,17.464,-1.046,24.181,-0.983,6.287,-1.237,2.29,-1.418,10.254,-1.296,Golden,0,201.2093023255814,Dead,197,-45.09090909090909
6971.T,1500.5,58,115,-341,2113829339136,16.765364,0.65873003,89.5,2277.868,0.8728,0.189,50.0,0.033647377,2.51,50.0,0.0336,1443.5,2333.5,hold,14,1472.0,1501.5,1468.0,1500.5,1500.5,6002400,-97.974,-79.073,-18.901,20.163,48.88,-28.717,1818.287,-317.787,30.435,12.018,41.667,-78.598,-14.622,6.581,-1.5,13.965,-0.992,8.766,-1.412,84.01,0.996,10.714,-1.239,86.104,1.055,5.382,-1.431,9.165,-1.332,15.491,-1.251,18.219,-0.647,12.285,-1.361,9.247,-1.225,Dead,25,160.0,Dead,130,-0.8823529411764639
6996.T,1065.0,66,115,,72861663232,11.843862,0.6474703,89.92,1644.863,0.4116,0.701,34.0,0.032629557,2.45,34.0,0.0326,877.0,1474.0,buy,6,1058.0,1068.0,1058.0,1065.0,1065.0,194800,-26.373,-47.51,21.138,47.61,28.298,19.312,1100.168,-35.168,62.694,71.503,50.0,-39.077,1.611,33.056,-0.427,88.621,1.08,76.891,0.802,33.95,-0.535,73.613,0.692,41.563,-0.207,47.465,-0.137,74.223,0.729,66.835,0.677,41.073,0.048,35.878,-0.598,57.034,0.251,Golden,47,150.1590909090909,Golden,22,129.05263157894737
6999.T,982.0,52,115,,36449878016,18.212168,0.46326154,53.92,2119.753,2.7503,0.533,25.0,0.025693731,2.36,30.0,0.0308,967.0,1644.0,buy,2,975.0,992.0,975.0,982.0,982.0,217500,-114.664,-107.671,-6.993,20.554,57.434,-36.88,1103.266,-121.266,26.063,2.405,25.0,-92.889,-23.344,6.063,-1.374,35.299,-0.287,13.361,-1.155,90.756,1.376,9.16,-1.32,51.455,-0.227,33.666,-0.514,8.732,-1.35,7.305,-1.366,1.341,-1.737,3.902,-1.433,8.39,-1.185,Dead,132,63.34090909090909,Dead,132,2.2063492063492163
7004.T,950.0,62,115,-4086,159779536896,7.0858502,0.99365836,134.07,956.063,0.2214,0.468,23.0,0.024261603,2.04,46.0,0.048499998,826.0,1355.0,buy,3,935.0,954.0,934.0,950.0,950.0,812900,-24.861,-23.553,-1.308,30.957,32.179,-1.222,1082.04,-132.04,52.681,23.295,66.667,-52.479,-4.686,21.509,-0.595,45.104,-0.084,38.312,-0.35,45.292,-0.214,46.429,-0.072,92.048,1.643,16.225,-0.929,54.501,0.156,31.468,-0.755,84.372,1.339,27.518,-0.852,37.725,-0.13,Dead,15,190.45454545454547,Dead,0,134.1044776119403
7085.T,814.0,36,86,,74936918016,17.543102,3.8608758,45.5,210.833,0.38709998,0.674,15.0,0.018450184,,18.0,0.0221,612.0,856.0,none,1,812.0,824.0,811.0,814.0,814.0,200900,11.86,9.183,2.677,34.268,25.234,9.034,723.704,90.296,57.459,86.486,58.333,49.402,4.477,66.39,0.303,60.166,0.222,44.934,-0.148,23.789,-0.843,62.555,0.313,42.5,-0.293,72.917,0.782,66.667,0.422,80.263,1.081,60.435,0.671,70.833,0.773,65.899,0.357,Golden,32,171.125,Golden,22,66.88888888888889
7088.T,979.0,66,115,,51296272384,16.509275,4.13265,59.3,236.894,1.2027,0.393,37.5,0.038382806,,58.0,0.0594,745.0,1094.0,none,,973.0,987.0,966.0,979.0,979.0,85400,11.504,14.205,-2.7,30.704,38.38,-7.676,857.068,121.932,39.645,71.875,50.0,7.761,3.109,59.227,-0.161,31.33,-0.388,30.137,-0.612,67.123,0.517,31.05,-0.582,91.81,1.695,81.034,1.109,20.909,-0.913,60.909,0.524,39.189,-0.037,33.654,-0.245,49.761,-0.102,Dead,75,89.5,Dead,5,124.16666666666666
7105.T,1155.0,63,115,,123174977536,13.508772,1.036621,85.5,1114.197,0.1022,1.236,20.0,0.017316017,1.01,24.0,0.0208,984.0,1929.0,none,,1158.0,1184.0,1151.0,1155.0,1155.0,168100,-66.763,-65.972,-0.791,31.059,47.397,-16.338,1373.447,-218.447,41.372,21.698,50.0,-75.248,-13.164,3.073,-1.785,46.179,-0.039,32.857,-0.534,81.429,0.949,23.866,-0.78,94.431,1.855,5.569,-1.555,28.463,-0.643,24.853,-0.896,39.061,0.029,15.861,-1.253,16.864,-0.806,Dead,0,193.93333333333334,Dead,7,123.53846153846155
7167.T,670.9000244140625,64,115,-4061,670629625856,9.99851,0.676072,39.21,992.35,0.25370002,0.099,6.0,0.008947211,3.77,16.0,0.0239,413.2,696.7,buy,4,668.6,675.9,664.1,670.9,670.9,5879900,27.422,19.628,7.794,45.392,16.928,28.464,543.783,127.117,73.158,96.356,75.0,23.282,11.674,94.364,1.568,94.909,1.574,73.507,0.754,11.754,-1.198,81.53,1.016,94.9,1.563,99.454,2.618,85.475,1.232,91.993,1.37,93.506,1.596,54.286,0.26,86.312,1.078,Golden,22,210.94117647058823,Golden,22,123.76923076923077
7172.T,1076.0,66,24,-2653,65078308864,6.5729995,1.0718828,163.7,1003.841,0.39240003,0.956,28.0,0.025925925,2.34,24.0,0.0222,793.0,1775.0,none,1,1085.0,1093.0,1074.0,1076.0,1076.0,190900,-40.774,-30.496,-10.278,29.328,43.348,-14.02,1180.213,-104.213,32.949,36.694,33.333,-70.803,-15.297,20.792,-0.456,30.891,-0.319,31.568,-0.541,75.56,0.814,27.902,-0.709,67.659,0.068,37.897,-0.231,14.837,-1.145,39.837,-0.393,1.619,-1.498,16.042,-1.188,19.958,-0.537,Dead,120,70.0,Dead,0,165.95238095238096
7177.T,695.0,62,-67,-3632,82002354176,,1.7073902,,407.054,0.751,0.501,7.2,0.010557185,5.09,29.34,0.043,508.0,815.0,none,,683.0,696.0,683.0,695.0,695.0,267200,-10.908,-19.78,8.872,47.137,25.991,21.145,518.879,176.121,70.833,98.936,66.667,-28.547,2.527,44.806,-0.211,83.229,0.729,78.726,0.796,24.204,-0.713,77.452,0.785,32.456,-0.454,94.486,1.461,89.44,1.306,97.074,1.778,80.457,1.141,42.636,-0.377,66.968,0.29,Golden,35,205.20833333333334,Golden,15,110.54347826086956
7184.T,1156.0,59,115,,73694306304,,0.49022287,,2358.111,0.123100005,0.214,13.0,0.011284722,3.49,30.0,0.025999999,735.0,1374.0,none,,1160.0,1171.0,1144.0,1156.0,1156.0,237600,7.621,16.716,-9.094,29.071,46.562,-17.491,1023.673,132.327,36.23,61.275,41.667,-57.744,-0.381,64.037,-0.089,5.8,-1.084,34.293,-0.536,88.01,1.14,18.225,-0.899,96.977,2.424,88.605,1.268,17.225,-0.958,62.44,0.407,23.333,-0.4,24.384,-1.057,45.209,-0.175,Dead,120,49.44444444444446,Dead,5,121.25
7187.T,1385.0,63,115,-2562,24642750464,10.703246,4.7862105,129.4,289.373,0.414,0.991,22.5,0.016363636,,45.0,0.0327,880.0,1541.0,none,1,1341.0,1389.0,1317.0,1385.0,1385.0,242300,28.574,41.664,-13.09,46.573,27.606,18.967,1516.629,-131.629,58.663,47.887,33.333,57.607,4.578,62.651,0.231,13.012,-0.91,70.823,0.512,38.653,-0.285,66.085,0.411,97.343,2.063,14.976,-0.916,61.443,0.321,48.259,-0.051,3.713,-1.382,65.641,0.705,53.453,0.126,Dead,20,171.25,Golden,95,33.18181818181819
7224.T,1328.0,59,115,,87769382912,11.996387,0.8088723,110.7,1641.792,0.4188,0.342,49.5,0.038106237,3.95,50.0,0.0385,1101.0,1538.0,none,,1305.0,1330.0,1291.0,1328.0,1328.0,258900,5.809,11.326,-5.517,28.691,37.752,-9.06,1380.656,-52.656,48.615,40.26,50.0,-45.641,-2.596,48.431,-0.03,25.106,-0.47,28.584,-0.661,57.511,0.223,34.678,-0.456,93.888,1.645,30.306,-0.484,42.539,-0.214,40.995,-0.374,39.983,-0.021,29.809,-0.818,37.316,-0.209,Dead,115,95.625,Dead,0,152.41071428571428
7241.T,671.0,58,115,,60047925248,3.8607595,0.5100955,204.5,1315.44,0.431,0.757,20.0,0.030120483,2.76,35.0,0.052699998,569.0,1214.0,none,1,665.0,679.0,665.0,671.0,671.0,278600,-49.548,-52.006,2.458,30.337,40.169,-9.831,705.126,-34.126,41.016,32.653,58.333,-82.701,-8.918,13.87,-0.561,54.9,0.13,32.689,-0.469,65.126,0.301,33.361,-0.395,52.037,-0.42,41.978,-0.208,28.38,-0.583,35.516,-0.561,64.292,0.601,9.754,-1.349,26.61,-0.111,Golden,7,185.88888888888889,Dead,202,-72.15625
7246.T,534.0,66,115,,53008576512,6.957655,0.4773274,76.2,1118.729,0.371,0.609,13.0,0.024528302,4.05,28.0,0.052800003,486.0,808.0,none,2,534.0,537.0,532.0,534.0,534.0,234400,-27.232,-25.804,-1.427,14.612,53.881,-39.269,587.883,-53.883,24.444,13.333,41.667,-83.863,-10.037,7.89,-1.332,39.95,-0.182,3.529,-1.74,90.504,1.346,5.294,-1.594,86.617,1.112,22.195,-0.806,5.793,-1.609,17.968,-1.175,19.95,-0.561,7.464,-1.509,20.593,-0.374,Dead,197,16.25,Dead,172,-34.62295081967213
7250.T,1323.0,58,115,,75689885696,6.917068,0.4745538,192.61,2787.882,0.16610001,0.577,28.0,0.02158828,3.29,52.0,0.0401,1154.0,1762.0,none,4,1302.0,1332.0,1302.0,1323.0,1323.0,76900,-38.961,-35.501,-3.46,25.909,43.788,-17.879,1449.0,-126.0,40.123,14.286,33.333,-72.444,-6.361,7.475,-1.202,36.628,-0.26,15.63,-1.014,75.294,0.703,18.908,-0.89,88.944,1.403,14.131,-0.962,22.586,-0.798,17.128,-1.171,3.101,-1.463,12.553,-1.347,25.593,-0.492,Dead,202,-3.7441860465116292,Dead,7,120.23880597014926
7259.T,1613.5,59,115,,1253195776000,7.1649165,0.658216,228.29,2451.323,1.6533,0.633,86.667,0.054302633,3.61,60.0,0.0376,1396.0,2106.0,buy,14,1603.5,1623.5,1596.0,1613.5,1613.5,2255000,-42.153,-49.353,7.2,27.051,33.989,-6.938,1557.275,56.225,45.425,46.925,50.0,-63.487,-2.648,15.615,-0.916,68.189,0.438,20.672,-0.86,47.227,-0.075,36.471,-0.388,81.629,0.911,58.105,0.307,36.02,-0.451,42.653,-0.22,30.511,-0.273,20.441,-1.153,36.356,-0.16,Golden,27,184.70731707317074,Dead,7,126.671875
7261.T,984.0,66,115,-3780,620265340928,3.8152518,0.3622391,274.1,2716.438,0.2571,0.813,55.0,0.056613483,3.0,60.0,0.0618,943.1,1961.0,hold,14,960.6,991.9,960.2,984.0,984.0,10427700,-133.827,-130.998,-2.828,12.164,52.136,-39.972,1040.633,-56.633,26.69,14.331,41.667,-91.179,-23.986,9.711,-1.132,45.425,-0.067,4.058,-1.696,85.146,1.057,8.36,-1.411,23.133,-0.743,48.514,-0.122,9.327,-1.307,23.52,-1.023,21.377,-0.519,4.668,-1.379,10.065,-0.844,Dead,265,-68.88888888888889,Dead,200,-62.459016393442624
7267.T,1320.5,65,115,-6734,6126076690432,5.6795235,0.49899974,228.14,2646.294,0.357,0.49,39.0,0.029953917,3.78,68.0,0.052199997,1239.0,1959.5,buy,16,1311.0,1325.0,1306.0,1320.5,1320.5,18299100,-81.111,-57.637,-23.474,17.607,53.681,-36.074,1569.616,-249.116,28.807,10.311,50.0,-78.667,-16.742,2.087,-2.224,5.297,-1.7,5.032,-1.61,93.344,1.455,4.464,-1.599,96.145,2.014,2.731,-1.893,6.245,-1.525,14.761,-1.327,33.927,-0.11,7.453,-1.443,5.483,-1.506,Dead,25,128.5593220338983,Dead,195,-73.19444444444444
7269.T,1634.5,64,115,,3153408032768,8.977591,1.1353753,176.25,1439.612,0.21219999,0.962,36.75,0.022601476,1.93,40.0,0.024600001,1300.0,1973.0,buy,16,1620.5,1651.0,1617.5,1634.5,1634.5,5454300,-27.1,-29.793,2.693,28.848,34.839,-5.991,1300.0,334.5,43.994,74.225,66.667,-70.12,-2.034,14.125,-0.913,61.557,0.228,27.11,-0.729,55.114,0.065,34.659,-0.404,85.06,1.239,99.598,2.772,30.008,-0.543,63.098,0.587,78.138,1.076,13.677,-1.329,35.679,-0.161,Golden,0,178.23529411764707,Dead,5,119.44444444444444
7272.T,1321.5,71,24,,1291850874880,6.753882,1.1350781,189.25,1164.237,0.3198,1.09,49.167,0.03747485,3.84,50.0,0.0381,1063.0,1617.5,buy,11,1310.0,1332.0,1310.0,1321.5,1321.5,4340200,-13.881,-17.875,3.994,37.003,23.67,13.333,1190.529,130.971,55.738,51.852,41.667,-39.966,-2.947,25.166,-0.53,65.282,0.379,42.101,-0.199,23.277,-0.76,58.655,0.313,91.937,1.519,87.365,1.135,51.805,0.11,42.317,-0.125,17.184,-0.676,25.7,-0.929,31.525,-0.183,Golden,42,138.9375,Golden,27,103.390625
7276.T,1976.0,56,115,,574585241600,12.673725,0.9355896,151.84,2112.037,0.6404,,56.0,0.028813995,1.43,56.0,0.028800001,1805.5,2685.0,hold,10,1949.0,1987.5,1947.0,1976.0,1976.0,965300,-53.254,-52.471,-0.783,30.92,44.276,-13.356,2143.925,-167.925,41.683,20.093,41.667,-70.12,-4.896,14.369,-0.754,48.09,-0.024,27.395,-0.67,74.874,0.712,25.798,-0.714,66.168,0.585,18.537,-0.68,24.937,-0.713,21.579,-1.047,16.513,-0.688,15.098,-1.283,28.814,-0.364,Dead,117,58.71428571428572,Dead,7,109.36986301369863
7283.T,1384.0,58,115,,86467477504,6.9096355,0.6353042,205.3,2178.484,0.3012,0.593,28.0,0.021021022,3.4,64.0,0.048,1129.0,1731.0,none,1,1350.0,1397.0,1328.0,1384.0,1384.0,574600,3.111,4.85,-1.74,27.168,37.717,-10.549,1467.185,-83.185,44.725,38.095,50.0,34.838,-1.488,46.904,-0.037,42.578,-0.122,25.236,-0.728,59.227,0.177,32.618,-0.464,96.52,2.112,32.088,-0.593,37.736,-0.395,40.566,-0.377,33.733,-0.089,61.179,0.494,43.29,-0.046,Dead,0,198.29545454545453,Dead,0,119.01408450704226
7287.T,1048.0,66,115,,61218607104,5.461178,0.28809652,191.9,3637.67,0.6864,0.44,25.0,0.02417795,3.77,50.0,0.0484,1002.0,1595.0,none,,1057.0,1063.0,1038.0,1048.0,1048.0,70400,-69.372,-55.252,-14.121,22.135,46.311,-24.176,1359.769,-311.769,30.435,4.505,25.0,-80.718,-18.244,12.625,-0.864,23.754,-0.559,12.773,-1.132,78.151,0.747,15.042,-0.981,55.362,-0.122,11.554,-1.178,11.083,-1.189,9.74,-1.386,3.269,-1.614,7.464,-1.347,10.085,-0.952,Dead,222,-33.0,Dead,197,-71.32835820895522
7313.T,1670.0,66,115,-1344,200132804608,12.164387,0.65986514,103.47,2530.82,0.8411,0.564,78.0,0.04704463,3.7,83.0,0.050100002,1643.5,2060.5,none,4,1655.0,1678.5,1654.0,1670.0,1670.0,365200,-46.854,-36.418,-10.436,7.301,53.794,-46.494,1840.237,-170.237,22.034,7.711,25.0,-88.171,-8.279,19.795,-0.79,29.465,-0.489,0.231,-2.245,89.827,1.292,2.312,-1.822,85.763,1.0,21.868,-0.82,3.349,-1.759,13.048,-1.309,0.23,-1.994,5.035,-1.53,24.444,-0.298,Dead,123,58.85714285714286,Dead,88,20.94736842105263
7337.T,1177.5,62,115,,354952675328,9.249804,0.664718,,1771.428,0.4379,0.134,19.0,0.01633706,,47.0,0.0404,862.1,1299.0,none,2,1172.0,1189.0,1161.0,1177.5,1177.5,925500,11.432,12.7,-1.268,31.738,24.35,7.388,991.632,185.868,57.522,91.154,66.667,-50.427,1.994,55.072,-0.176,38.164,-0.199,23.316,-0.736,36.788,-0.431,40.415,-0.155,87.379,1.162,98.544,2.004,50.0,0.013,76.804,0.98,62.245,0.578,13.736,-1.513,45.902,-0.193,Dead,138,92.0,Golden,8,167.625
7373.T,1884.0,38,268,-1100,28705189888,12.526596,4.2856264,147.45,439.609,0.33080003,0.936,30.0,0.016465422,,60.0,0.032899998,1046.0,2254.0,none,1,1753.0,1887.0,1696.0,1884.0,1884.0,193300,-14.913,-56.431,41.518,50.449,14.838,35.611,1254.034,629.966,70.03,99.32,50.0,-33.402,15.707,60.355,-0.03,69.231,0.448,89.677,1.437,8.387,-1.498,91.613,1.505,4.762,-1.273,79.762,0.707,91.026,1.478,97.436,1.778,55.063,0.569,53.472,-0.174,86.207,1.229,Golden,70,125.0,Golden,15,144.16666666666666
7420.T,1836.0,41,177,,26298681344,,0.8210636,,2236.124,0.5374,0.002,80.0,0.043956045,4.19,86.0,0.0473,1497.0,2709.0,none,,1794.0,1853.0,1791.0,1836.0,1836.0,248600,-65.144,-60.469,-4.675,14.101,39.013,-24.912,1759.382,76.618,35.327,21.028,50.0,-79.282,-6.963,11.026,-1.096,30.874,-0.229,4.206,-1.643,58.026,0.23,17.854,-0.949,89.813,1.47,66.723,0.427,18.782,-0.922,25.129,-0.931,37.757,0.01,13.951,-1.288,27.186,-0.397,Dead,225,-44.14893617021278,Dead,0,178.85416666666666
7458.T,1920.0,65,115,-6734,200697593856,13.9259405,1.8174142,142.81,1056.446,0.38990003,0.491,29.0,0.015633423,2.91,57.0,0.0307,1403.0,2234.5,hold,1,1895.0,1945.0,1895.0,1920.0,1920.0,408100,20.05,-9.575,29.624,52.985,12.822,40.163,1785.216,134.784,77.366,91.511,83.333,86.188,9.458,53.168,0.115,92.149,1.209,85.393,1.156,4.213,-1.43,92.416,1.344,41.379,-0.064,71.172,0.618,91.164,1.382,81.346,1.105,97.622,2.158,87.161,1.086,82.764,0.784,Golden,148,46.074074074074076,Golden,83,29.934782608695656
7513.T,1083.0,37,268,,83386236928,,1.3290056,,814.895,0.3096,0.543,4.0,0.0036730946,2.1,36.0,0.033099998,712.0,1130.0,none,,1079.0,1093.0,1062.0,1083.0,1083.0,107000,45.638,46.174,-0.536,44.19,16.725,27.465,961.701,121.299,61.972,88.827,41.667,51.726,6.478,89.618,0.929,46.844,-0.039,66.387,0.527,8.571,-1.311,80.084,0.947,78.304,0.574,84.705,0.785,71.788,0.68,83.207,1.252,24.56,-0.389,68.617,0.824,68.136,0.501,Dead,92,129.4102564102564,Golden,27,108.65573770491804
7537.T,1075.0,57,115,,28131352576,4.3931346,0.5355989,244.7,2007.099,0.3087,,52.0,0.04914934,4.64,54.0,0.051,868.0,1819.0,none,,1053.0,1077.0,1049.0,1075.0,1075.0,109000,-63.802,-74.226,10.424,22.368,33.083,-10.714,981.32,93.68,42.493,65.138,50.0,-76.068,-4.655,10.857,-1.182,78.965,0.673,17.253,-0.976,44.979,-0.179,38.455,-0.398,76.486,0.512,75.212,0.724,34.991,-0.474,60.12,0.438,39.897,0.001,17.851,-1.189,38.268,-0.107,Golden,45,165.609756097561,Dead,0,143.66666666666666
7575.T,1332.0,59,115,-2533,93372669952,10.261941,1.7094017,121.88,779.22,0.38819999,0.142,42.0,0.031939164,3.23,92.0,0.07,970.0,1357.0,none,4,1325.0,1347.0,1324.0,1332.0,1332.0,149100,40.141,22.127,18.014,57.336,16.216,41.12,1126.289,205.711,79.661,93.802,66.667,82.564,11.511,90.209,0.493,92.857,0.88,89.123,1.362,12.338,-1.211,90.422,1.349,77.671,0.704,92.851,1.093,93.755,1.577,89.943,1.37,83.482,1.289,86.65,1.23,85.352,0.775,Golden,85,115.11111111111111,Golden,25,119.35483870967741
7599.T,1130.0,38,86,-4240,113459912704,7.543391,1.5293604,150.05,738.871,0.3001,0.404,53.57,0.04783036,2.23,40.63,0.0363,809.0,1487.0,strong_buy,5,1063.0,1136.0,1062.0,1130.0,1130.0,853700,-24.34,-18.385,-5.956,27.455,28.0,-0.545,987.0,143.0,49.758,94.079,50.0,-80.991,-2.814,22.646,-0.603,28.414,-0.372,27.296,-0.65,33.476,-0.471,44.292,-0.086,81.834,0.933,82.852,0.936,43.911,-0.095,86.792,1.228,40.154,0.037,12.912,-1.396,40.606,-0.042,Dead,135,79.75,Dead,120,16.885245901639337
7600.T,616.0,57,115,,16222052352,10.807017,0.6535927,60.8,942.483,0.2617,0.553,14.0,0.022913257,1.21,29.0,0.0475,602.0,791.0,strong_buy,,622.0,626.0,611.0,616.0,616.0,73200,-20.476,-8.591,-11.884,12.353,47.647,-35.294,735.179,-119.179,16.176,6.471,25.0,1.744,-11.097,36.726,-0.057,19.593,-0.364,3.519,-1.64,76.824,0.749,12.532,-1.242,44.482,-0.378,24.958,-0.342,2.23,-1.922,15.352,-1.162,1.798,-1.72,54.419,0.135,27.013,-0.384,Dead,35,206.11111111111111,Dead,35,102.58064516129033
7613.T,1151.0,71,24,-2442,54198403072,7.225361,0.5879994,166.5,1957.485,0.44619998,0.916,28.0,0.024713151,2.63,48.0,0.0424,960.0,1799.0,strong_buy,1,1122.0,1160.0,1118.0,1151.0,1151.0,541600,-63.757,-80.815,17.058,27.404,29.567,-2.163,1061.466,89.534,46.25,89.815,75.0,-69.846,-2.502,10.348,-1.269,87.786,0.963,24.635,-0.79,40.343,-0.389,39.828,-0.192,62.903,0.252,70.119,0.479,34.734,-0.369,77.702,1.036,94.349,1.831,15.771,-1.311,37.143,-0.074,Golden,45,147.55555555555554,Dead,0,136.03174603174602
7725.T,990.0,38,177,-4024,10783674368,9.602328,0.95668906,105.6,1034.819,0.252,0.561,35.0,0.035105314,1.61,50.0,0.0502,917.0,1779.0,none,1,993.0,1000.0,988.0,990.0,990.0,94800,-93.996,-69.455,-24.541,17.558,58.848,-41.289,1200.492,-210.492,26.589,3.125,33.333,-92.889,-27.172,15.109,-0.679,18.03,-0.598,6.081,-1.452,94.088,1.552,4.645,-1.563,56.391,-0.016,29.825,-0.367,9.114,-1.283,11.308,-1.2,13.564,-0.837,2.131,-1.313,15.503,-0.751,Dead,137,44.70212765957447,Dead,132,18.98214285714286
7730.T,1738.0,38,86,-1923,171225513984,23.444244,3.2720342,74.14,531.168,0.6111,0.193,39.0,0.022530328,1.38,46.0,0.026600001,1701.5,2410.0,none,5,1732.0,1754.0,1725.0,1738.0,1738.0,295200,-55.756,-46.956,-8.8,19.091,50.489,-31.397,1909.481,-171.481,29.81,10.558,41.667,-69.504,-8.321,10.882,-0.98,26.446,-0.404,7.584,-1.408,88.483,1.245,7.865,-1.376,73.793,0.801,16.0,-0.861,8.836,-1.325,16.69,-1.24,20.839,-0.6,17.974,-1.29,16.667,-0.884,Dead,88,108.11111111111111,Dead,88,80.83333333333334
7844.T,574.0,57,-250,-4086,34769014784,24.848484,1.3755192,30.0,417.297,2.9024,0.492,33.0,0.057692308,5.51,66.0,0.1154,521.0,765.0,strong_buy,,576.0,577.0,570.0,574.0,574.0,178300,-23.618,-24.316,0.698,22.277,40.594,-18.317,633.72,-59.72,36.552,34.328,25.0,-77.299,-5.749,23.621,-0.314,50.78,0.035,20.063,-0.905,60.296,0.236,28.3,-0.589,40.312,-0.173,37.396,-0.149,26.477,-0.659,47.363,-0.265,2.0,-1.633,21.795,-1.027,37.353,0.025,Golden,0,189.21052631578948,Dead,0,105.75757575757575
7860.T,1520.0,65,115,-8470,65059192832,10.555555,1.2749999,144.0,1192.157,12.6904,0.116,75.0,0.049701788,4.78,50.0,0.033099998,1171.0,1564.0,none,,1500.0,1537.0,1482.0,1520.0,1520.0,376100,42.368,39.601,2.766,44.565,19.429,25.136,1363.147,156.853,75.536,79.817,66.667,72.444,6.255,73.707,0.408,52.841,0.075,73.562,0.612,11.845,-1.186,81.116,0.948,34.975,-0.45,72.75,0.58,91.938,1.543,76.758,0.984,81.678,1.228,81.802,1.264,74.459,0.57,Golden,155,44.06976744186048,Golden,10,104.79452054794521
7868.T,560.0,66,115,,80694312960,12.972972,1.662767,43.2,336.788,0.32639998,0.075,6.6,0.011538462,,12.74,0.0223,391.0,838.0,none,,544.0,580.0,541.0,560.0,560.0,2041600,-23.172,-30.279,7.107,50.169,31.419,18.75,450.0,110.0,59.829,86.395,41.667,-57.675,5.379,1.442,-1.835,96.522,1.803,82.661,1.028,48.24,-0.137,72.361,0.631,94.567,2.025,98.302,2.751,69.039,0.566,85.678,1.252,27.14,-0.323,30.849,-0.805,67.532,0.39,Golden,60,161.66666666666666,Golden,0,145.86206896551724
7888.T,581.0,37,177,-7131,17711087616,4.8538013,0.60498965,119.7,960.347,0.2334,0.563,20.0,0.034423407,2.87,20.0,0.0344,482.0,785.0,none,,581.0,590.0,581.0,581.0,581.0,74100,-12.617,-13.444,0.827,32.298,40.373,-8.075,620.493,-39.493,45.492,57.798,58.333,-49.744,-8.151,23.44,-0.708,51.52,0.124,31.553,-0.569,53.317,0.092,39.239,-0.339,94.556,1.912,27.702,-0.506,40.825,-0.283,60.469,0.352,71.509,0.889,32.0,-0.789,33.034,-0.451,Golden,18,237.71428571428572,Dead,0,160.3272727272727
7915.T,1625.0,71,24,,78084988928,10.972859,0.71329933,146.85,2278.146,2.6724,0.789,25.0,0.015346838,2.59,50.0,0.0307,1381.0,2185.0,none,4,1624.0,1642.0,1623.0,1625.0,1625.0,231000,-33.747,14.233,-47.98,25.608,51.788,-26.18,2005.769,-380.769,32.108,3.137,33.333,-62.53,-17.105,32.06,-0.246,9.551,-0.942,18.235,-0.921,84.538,1.138,16.303,-1.068,63.259,-0.072,15.794,-0.672,14.777,-1.146,6.549,-1.428,4.107,-1.296,24.003,-1.059,17.373,-0.874,Dead,77,95.69999999999999,Dead,22,106.33333333333334
7951.T,1120.0,63,115,,547264462848,17.226456,1.1369405,76.29,985.1,0.6199,0.651,24.667,0.022323078,1.42,26.0,0.0235,835.0,1294.5,hold,8,1096.0,1124.0,1095.0,1120.0,1120.0,1990300,-11.467,-2.229,-9.238,38.518,38.545,-0.026,1011.466,108.534,52.161,28.986,58.333,-30.256,-4.063,25.522,-0.388,17.737,-0.615,54.058,0.124,66.964,0.371,45.942,-0.135,67.39,0.246,82.57,0.716,48.256,-0.031,28.792,-0.758,54.818,0.443,30.549,-0.704,28.478,-0.261,Dead,20,159.3,Dead,0,128.33333333333334
7956.T,1502.0,72,24,-3508,179624181760,21.25809,2.3798094,71.57,631.143,1.6316,-0.071,38.0,0.025727827,3.29,76.0,0.0515,1288.0,1778.0,hold,9,1470.0,1509.0,1465.0,1502.0,1502.0,1338600,-2.572,10.061,-12.634,31.291,39.187,-7.896,1707.526,-205.526,47.168,30.794,58.333,36.0,-2.699,36.217,-0.1,15.691,-0.4,31.245,-0.536,67.554,0.513,30.815,-0.55,60.951,0.045,14.601,-0.586,37.479,-0.402,29.074,-0.758,54.452,0.44,54.419,0.353,33.247,-0.303,Dead,15,162.75510204081633,Dead,15,115.76923076923077
7965.T,1585.0,20,-14,-6228,103973625856,21.218206,1.2089528,74.7,1311.052,0.4084,0.422,51.0,0.033246413,1.96,34.0,0.0222,1251.0,1780.0,none,1,1545.0,1608.0,1531.0,1585.0,1585.0,196900,27.645,30.417,-2.773,43.851,27.95,15.901,1515.377,69.623,59.661,42.149,50.0,68.41,1.688,81.363,0.372,25.78,-0.164,60.216,0.159,31.894,-0.499,65.199,0.346,78.307,1.112,82.498,0.442,64.066,0.381,40.996,-0.294,38.608,0.023,76.362,0.949,52.178,0.073,Dead,0,183.57142857142858,Golden,85,42.76119402985074
7970.T,1689.0,51,115,,136332361728,12.756798,1.1241325,132.4,1502.492,0.4602,0.477,49.0,0.029341318,2.35,50.0,0.0299,1249.0,1882.0,strong_buy,,1671.0,1704.0,1670.0,1689.0,1689.0,252100,33.327,17.562,15.765,45.362,29.864,15.498,1472.768,216.232,61.504,93.976,50.0,53.436,8.038,82.973,0.586,90.532,1.222,72.857,0.573,38.992,-0.299,67.395,0.451,89.942,1.611,96.675,1.762,69.186,0.527,87.573,1.287,38.391,0.024,67.176,0.721,75.678,0.614,Golden,32,137.01960784313727,Golden,22,94.35135135135135
7972.T,1569.0,70,24,,77201547264,9.191565,1.6229585,170.7,966.753,0.33630002,0.615,42.0,0.026717557,3.31,110.0,0.07,1062.0,2200.0,none,,1565.0,1580.0,1563.0,1569.0,1569.0,313100,8.22,-8.137,16.357,41.816,16.368,25.448,1375.566,193.434,65.397,69.231,41.667,-13.162,3.768,60.382,0.021,93.771,1.383,63.782,0.375,11.008,-1.216,78.319,0.833,95.428,2.184,95.096,1.601,76.994,0.805,65.827,0.607,20.704,-0.537,47.159,-0.206,61.441,0.258,Golden,62,134.36363636363637,Golden,27,127.81481481481481
7981.T,1684.0,58,115,-2988,115079512064,,0.6068541,,2774.967,0.42060003,0.099,82.0,0.050152905,2.84,56.0,0.0343,1363.0,2117.0,none,,1635.0,1693.0,1635.0,1684.0,1684.0,99900,-15.821,-28.859,13.038,42.314,17.808,24.505,1564.106,119.894,60.88,65.854,58.333,-29.641,2.439,22.591,-0.591,87.708,1.033,74.37,0.59,7.143,-1.518,87.395,1.12,66.251,0.492,75.395,0.731,76.826,0.694,59.614,0.38,58.759,0.5,31.807,-0.654,60.847,0.324,Golden,57,92.13793103448276,Golden,22,76.16091954022988
7991.T,1625.0,64,115,-2988,16784462848,,0.69165003,,2349.454,0.124,0.275,75.0,0.04587156,5.66,150.0,0.0917,880.0,1755.0,none,,1635.0,1644.0,1602.0,1625.0,1625.0,103200,64.561,21.31,43.251,54.995,19.156,35.839,1477.794,147.206,70.963,80.653,50.0,91.043,16.884,81.977,0.724,92.027,1.317,88.235,1.257,15.798,-1.026,88.151,1.188,59.435,0.053,73.4,0.567,87.238,1.186,80.521,1.153,56.999,0.342,94.826,1.595,88.305,1.126,Golden,112,87.53488372093022,Golden,112,31.559322033898297
8005.T,1029.0,57,115,,35416432640,,1.0016509,,1027.304,0.35459998,0.65,18.0,0.017560976,5.38,48.0,0.0468,860.0,1107.0,none,,1030.0,1035.0,1024.0,1029.0,1029.0,55600,8.805,2.272,6.533,39.257,29.178,10.08,939.306,89.694,57.255,70.896,58.333,-30.735,2.103,73.505,0.22,85.133,0.673,58.908,0.2,32.353,-0.456,63.782,0.342,92.02,1.855,89.277,1.044,65.407,0.363,65.575,0.662,58.676,0.537,40.034,-0.477,60.932,0.222,Golden,22,183.83333333333334,Golden,22,99.26760563380282
8016.T,538.0,37,86,,73029197824,9.199726,0.89776045,58.48,599.269,0.3458,0.323,20.0,0.037807185,4.64,24.0,0.0454,440.0,680.0,none,,531.0,540.0,531.0,538.0,538.0,588100,-9.165,-9.901,0.736,33.88,29.508,4.372,493.253,44.747,53.285,75.758,50.0,-61.778,-0.572,40.615,-0.157,50.415,0.06,47.395,-0.166,33.95,-0.48,58.403,0.171,15.212,-0.856,63.259,0.436,58.774,0.196,72.208,0.819,36.044,-0.046,26.463,-0.898,50.763,0.105,Golden,0,184.61702127659575,Golden,0,126.3731343283582
8032.T,662.0,66,115,-2624,81552441344,0.98599935,0.6388864,671.4,1036.178,0.2203,0.238,6.5,0.0099846395,2.72,25.0,0.038399998,480.0,720.0,none,,655.0,670.0,655.0,662.0,662.0,156800,19.831,25.572,-5.74,41.257,18.306,22.951,718.52,-56.52,57.604,30.12,66.667,76.479,2.943,94.352,1.796,3.821,-1.811,74.538,0.59,12.437,-1.188,83.866,0.981,99.834,4.565,3.658,-1.639,67.086,0.38,30.898,-0.683,80.972,1.185,79.644,1.123,67.458,0.409,Dead,32,145.44897959183675,Golden,92,-5.571428571428569
8086.T,1393.0,65,115,-4815,227192733696,12.872113,0.8742405,105.73,1593.383,3.8028,0.021,15.0,0.010877447,2.0,40.0,0.029000001,1080.0,1480.0,buy,5,1370.0,1407.0,1368.5,1393.0,1393.0,372400,38.593,42.947,-4.355,40.697,26.764,13.932,1336.629,56.371,64.106,58.354,50.0,79.487,4.037,83.389,0.917,31.395,-0.378,61.261,0.221,26.723,-0.633,68.067,0.451,86.783,1.176,64.256,0.45,77.246,0.785,56.087,0.23,38.391,0.033,85.751,1.219,67.542,0.428,Dead,12,152.43396226415095,Golden,22,91.78378378378379
8103.T,636.0,57,115,,25561411584,,0.699894,,908.709,0.45229998,-0.024,34.0,0.05371248,8.04,64.0,0.1011,600.0,745.0,none,,633.0,638.0,633.0,636.0,636.0,57200,-14.017,-12.139,-1.878,14.948,44.845,-29.897,691.048,-55.048,30.0,10.909,41.667,-89.675,-5.453,20.681,-0.614,35.548,-0.172,5.966,-1.432,75.294,0.709,13.109,-1.134,90.939,1.48,23.109,-0.54,10.915,-1.206,15.869,-1.196,23.973,-0.457,1.866,-1.533,32.542,-0.253,Dead,132,50.553191489361694,Dead,117,-6.466666666666669
8125.T,1586.0,38,86,,78327463936,15.294118,0.7950253,103.7,1994.905,0.9544,-0.023,62.0,0.039440203,3.55,132.0,0.084,1364.0,1784.0,none,,1557.0,1599.0,1557.0,1586.0,1586.0,151000,-6.415,6.174,-12.589,29.075,28.781,0.294,1525.024,60.976,47.273,20.874,66.667,-52.752,-3.523,31.281,-0.38,10.181,-1.236,28.821,-0.603,33.721,-0.438,47.757,-0.084,97.864,1.79,67.132,0.482,40.83,-0.274,23.734,-0.988,77.962,1.079,24.895,-0.957,32.077,-0.361,Dead,50,128.8,Golden,10,119.8507462686567
8133.T,1689.0,57,115,,190482038784,,1.1439649,,1476.444,0.4934,0.225,56.0,0.034021873,4.26,56.0,0.034,1286.0,1887.0,none,,1653.0,1698.0,1653.0,1689.0,1689.0,143900,20.271,13.803,6.469,37.984,31.163,6.822,1736.429,-47.429,59.33,94.857,58.333,43.59,6.02,73.173,0.468,76.91,0.726,55.042,0.116,50.42,-0.018,50.84,0.07,98.504,3.092,31.089,-0.526,63.224,0.344,88.245,1.224,54.149,0.403,59.881,0.484,71.186,0.576,Golden,27,130.8181818181818,Golden,0,134.55555555555554
8167.T,1265.0,37,86,,54301261824,,0.6607766,,1914.414,0.24209999,0.96,38.0,0.030375699,1.64,28.0,0.0224,1215.0,1909.0,none,,1241.0,1279.0,1239.0,1265.0,1265.0,59900,-105.18,-102.976,-2.204,17.82,45.848,-28.028,1324.956,-59.956,30.404,25.126,41.667,-93.641,-13.606,1.339,-2.31,37.908,-0.107,6.943,-1.418,70.195,0.484,14.564,-1.034,81.742,0.818,33.501,-0.335,10.745,-1.264,29.357,-0.817,25.338,-0.341,1.282,-1.849,9.65,-1.301,Dead,230,-53.4375,Dead,230,-135.0
8185.T,1482.0,38,86,,52153208832,23.434534,1.0065671,60.39,1472.331,0.41779998,0.153,45.0,0.031556804,4.18,34.0,0.0238,799.0,1493.0,hold,1,1421.0,1493.0,1421.0,1482.0,1482.0,234100,141.269,98.215,43.053,67.44,4.637,62.802,1153.782,328.218,89.189,98.24,66.667,76.0,27.387,93.272,1.511,94.186,1.594,98.739,2.304,0.336,-2.235,99.244,2.364,35.245,-0.655,91.355,1.343,98.489,2.125,95.718,1.444,76.949,1.068,77.608,1.109,98.729,2.253,Golden,77,102.79166666666666,Golden,82,71.36363636363637
8214.T,1273.0,65,115,-3995,107056627712,,0.78785336,,1615.783,0.5266,0.329,37.0,0.029742766,3.41,55.0,0.044099998,1059.0,1387.0,none,,1253.0,1281.0,1252.0,1273.0,1273.0,127600,3.172,2.778,0.394,26.85,33.615,-6.765,1163.92,109.08,52.329,93.277,58.333,-55.829,1.684,46.096,-0.063,50.083,0.03,24.454,-0.743,54.034,0.077,36.303,-0.428,71.488,0.637,80.05,0.85,50.294,-0.038,86.566,1.241,58.508,0.449,28.075,-0.96,50.339,0.084,Golden,0,202.37209302325581,Dead,112,18.9375
8255.T,908.0,63,115,,82203418624,10.271493,0.95539826,88.4,950.389,0.3116,0.202,13.75,0.015277778,2.09,28.0,0.0311,873.0,1095.0,none,1,901.0,912.0,895.0,908.0,908.0,108000,-25.07,-21.886,-3.184,19.643,37.5,-17.857,975.607,-67.607,38.068,36.364,50.0,-84.752,-5.559,8.404,-1.286,21.222,-0.475,8.849,-1.281,61.082,0.29,21.735,-0.828,78.929,1.146,14.783,-0.903,18.026,-0.952,34.764,-0.537,38.989,0.057,5.03,-1.617,16.811,-0.787,Dead,205,-63.16666666666666,Dead,130,-0.6153846153846132
8281.T,1114.0,66,115,-6825,47624613888,9.763366,0.3858444,114.1,2887.174,0.5114,0.481,15.0,0.013428827,3.16,30.0,0.0269,933.0,1313.0,none,,1116.0,1122.0,1114.0,1114.0,1114.0,69600,-0.547,20.206,-20.752,11.483,43.301,-31.818,1198.715,-84.715,19.784,17.961,41.667,-28.752,-6.129,49.585,0.001,18.605,-0.765,3.193,-1.8,72.605,0.638,11.429,-1.263,26.185,-0.751,38.321,-0.284,2.771,-1.785,25.441,-0.965,21.039,-0.51,38.253,-0.478,30.339,-0.475,Dead,57,127.46808510638297,Dead,42,105.24137931034483
8282.T,1423.0,63,115,-2442,234874683392,14.442053,0.90495837,98.53,1572.448,0.97300005,0.305,22.0,0.015575221,3.1,44.0,0.0312,1217.0,1664.5,none,6,1416.0,1432.5,1410.5,1423.0,1423.0,817600,-12.899,6.555,-19.454,16.852,43.611,-26.759,1543.525,-120.525,29.737,17.136,50.0,-32.923,-5.625,31.89,-0.543,7.92,-1.448,5.573,-1.546,71.383,0.622,12.647,-1.123,95.137,1.775,19.662,-0.966,9.529,-1.32,21.306,-1.038,36.752,-0.007,33.839,-0.653,30.119,-0.435,Dead,90,103.42857142857142,Dead,60,65.0925925925926
8331.T,1294.5,59,115,,926205673472,11.488924,0.79051405,110.34,1637.542,0.3833,0.217,35.0,0.027089784,2.92,36.0,0.0279,964.0,1527.5,buy,10,1301.5,1309.5,1288.5,1294.5,1294.5,3473100,-10.21,-19.02,8.809,40.159,34.009,6.151,988.532,305.968,56.858,92.941,25.0,-60.615,3.822,25.522,-0.469,85.393,0.984,64.042,0.333,52.11,0.02,57.386,0.164,89.076,1.4,99.92,3.322,63.179,0.342,87.916,1.277,2.348,-1.662,17.281,-1.212,64.812,0.344,Golden,5,163.24074074074073,Golden,0,110.37037037037037
8334.T,1120.0,62,115,,428276809728,10.341643,0.7635372,66.5,1466.857,0.3193,0.055,12.0,0.010786517,3.4,40.0,0.036,671.3,1133.0,none,2,1124.5,1133.0,1110.5,1120.0,1120.0,1444800,33.544,15.854,17.69,49.05,25.292,23.758,854.845,265.155,67.791,95.411,75.0,-10.085,14.827,89.12,1.266,98.754,2.658,84.454,1.062,20.42,-0.782,82.773,0.962,93.35,1.753,99.917,4.021,85.726,1.069,92.191,1.402,94.635,1.949,42.324,-0.209,93.983,1.494,Golden,12,142.375,Golden,22,78.0
8359.T,1053.0,66,115,,500939489280,11.713015,0.46713883,52.8,2254.148,0.4319,0.006,14.0,0.013409962,3.3,34.0,0.0326,746.5,1131.5,none,1,1052.0,1070.5,1051.0,1053.0,1053.0,1810300,5.96,-13.021,18.981,46.0,28.273,17.726,806.728,246.272,60.917,93.842,66.667,-44.957,10.746,60.797,0.153,99.086,2.579,77.647,0.84,33.782,-0.464,73.782,0.679,85.287,1.198,99.834,3.381,72.376,0.597,88.413,1.323,83.571,1.266,30.619,-0.78,88.475,1.08,Golden,12,165.85714285714286,Golden,22,97.29577464788733
8361.T,1915.0,66,115,-2624,79728918528,,0.24312043,,7876.755,0.2814,0.012,35.0,0.018411363,3.52,70.0,0.0368,1740.0,2368.0,none,,1903.0,1940.0,1903.0,1915.0,1915.0,125700,-60.878,-66.505,5.627,27.371,35.774,-8.403,2033.312,-118.312,42.418,57.456,50.0,-74.017,-3.628,36.13,-0.277,51.827,0.13,29.748,-0.558,50.168,-0.013,39.748,-0.28,11.554,-1.093,42.228,-0.181,32.578,-0.452,56.003,0.25,43.085,0.13,15.352,-1.217,36.78,-0.19,Golden,7,163.98039215686273,Dead,117,-8.858974358974365
8368.T,633.0,63,115,,155666087936,,0.34275,,1846.827,0.2649,0.173,7.0,0.011146497,2.92,18.0,0.0287,502.0,725.0,none,,633.0,642.0,630.0,633.0,633.0,717200,-3.15,-10.042,6.893,41.667,25.556,16.111,519.92,113.08,59.707,92.742,58.333,-50.017,5.359,38.372,-0.24,93.023,1.385,70.252,0.487,26.134,-0.655,74.118,0.616,66.417,0.256,99.002,2.131,74.139,0.584,88.917,1.385,74.518,0.958,28.838,-0.811,75.593,0.657,Golden,22,128.0,Golden,22,83.0
8377.T,1922.0,56,115,-2988,235900518400,7.694155,0.35744947,226.2,5376.984,0.3132,0.049,40.0,0.021293586,3.79,42.5,0.0226,1474.5,2323.0,none,1,1897.5,1941.5,1897.5,1922.0,1922.0,806000,-16.138,-40.024,23.886,38.945,23.912,15.033,1570.033,351.967,61.715,95.261,58.333,-56.718,7.052,46.346,-0.162,84.801,0.728,61.597,0.207,23.277,-0.786,69.832,0.523,44.14,-0.347,91.272,1.2,74.727,0.643,91.94,1.444,68.986,0.761,29.177,-0.847,76.186,0.608,Golden,12,182.88636363636363,Golden,0,129.87878787878788
8381.T,1272.0,57,115,,193523335168,,0.5997089,,2121.029,0.3722,0.168,21.0,0.016706444,3.83,48.0,0.0382,958.0,1505.0,none,,1260.0,1282.0,1254.0,1272.0,1272.0,440100,-6.63,0.174,-6.805,30.072,23.741,6.331,1295.906,-23.906,46.97,63.889,41.667,-69.915,-1.491,35.797,-0.323,19.269,-0.71,33.361,-0.507,23.697,-0.797,56.639,0.161,97.257,2.184,42.893,-0.252,39.631,-0.335,58.018,0.347,17.1,-0.618,17.388,-1.203,40.085,-0.15,Dead,137,37.081632653061234,Golden,0,138.41935483870967
8387.T,1115.0,63,115,-2624,46538317824,,0.2773936,,4019.559,0.2642,0.092,22.5,0.020215634,4.05,50.0,0.044899996,907.0,1267.0,none,,1110.0,1120.0,1102.0,1115.0,1115.0,175400,-7.447,-23.875,16.427,49.127,29.039,20.087,938.486,176.514,63.663,97.382,66.667,-55.009,6.074,52.824,0.081,83.97,0.834,87.647,1.205,29.58,-0.531,80.672,0.919,15.628,-0.927,82.71,0.908,81.864,0.957,94.458,1.543,87.762,1.451,32.231,-0.814,82.627,0.846,Golden,12,133.25,Golden,22,109.875
8418.T,1655.5,59,115,,353810153472,8.7685375,0.5550495,108.6,2982.617,0.4052,-0.025,22.0,0.013406459,3.5,60.0,0.0366,1212.5,1959.0,none,2,1641.0,1668.0,1630.5,1655.5,1655.5,889200,-9.393,-7.635,-1.758,22.822,31.974,-9.151,1692.271,-36.771,45.318,72.998,41.667,-65.128,0.545,30.814,-0.333,42.857,-0.13,13.361,-1.126,43.613,-0.168,32.101,-0.502,95.179,1.987,40.732,-0.312,34.257,-0.415,63.56,0.616,18.944,-0.59,16.115,-1.26,47.203,0.051,Dead,147,11.888888888888886,Dead,12,94.3125
8425.T,1015.0,64,115,,284102557696,1.7726163,0.75704855,572.6,1340.733,0.2486,0.623,58.4,0.058109455,3.24,40.0,0.0398,860.0,1190.0,none,,1010.0,1021.0,1008.0,1015.0,1015.0,349500,-12.331,-13.678,1.347,26.736,23.958,2.778,1126.923,-111.923,52.083,47.458,50.0,-56.239,-2.495,20.04,-0.801,56.845,0.202,17.404,-0.971,29.98,-0.691,46.982,-0.098,97.517,3.131,6.058,-1.621,46.533,-0.134,40.201,-0.268,29.087,-0.267,21.261,-1.152,34.451,-0.236,Golden,22,151.8095238095238,Golden,0,111.203125
8439.T,1538.0,66,115,,750368718848,8.356424,0.7277411,183.11,2113.389,0.3456,1.017,27.0,0.017745646,2.79,58.0,0.0381,1245.5,1784.0,none,3,1496.0,1549.0,1478.5,1538.0,1538.0,910400,4.407,18.603,-14.196,41.68,36.299,5.382,1771.506,-233.506,51.506,22.029,41.667,53.573,-0.761,50.34,-0.098,8.574,-0.987,60.395,0.231,56.701,0.163,53.093,0.034,97.111,2.009,4.758,-1.736,47.296,-0.089,23.519,-0.979,19.623,-0.58,63.92,0.679,41.161,-0.124,Dead,30,157.6086956521739,Golden,10,110.77464788732394
8541.T,1075.0,62,115,-2988,41973374976,,0.29952443,,3589.023,0.275,-0.253,17.0,0.016159697,3.15,34.0,0.0323,935.0,1333.0,none,,1062.0,1081.0,1055.0,1075.0,1075.0,109700,-28.096,-24.104,-3.991,26.496,39.174,-12.678,967.0,108.0,44.597,50.704,41.667,-81.607,-4.041,26.661,-0.502,33.14,-0.282,30.504,-0.558,63.95,0.343,31.176,-0.495,10.308,-0.989,76.226,0.715,36.608,-0.301,53.065,0.07,21.375,-0.443,7.379,-1.307,29.746,-0.394,Dead,132,4.111111111111114,Dead,117,-22.888888888888886
8544.T,836.0,63,115,-2260,103020281856,,0.32432994,,2577.622,0.2495,0.123,12.5,0.0153186275,3.8,28.0,0.0343,652.0,910.0,none,,822.0,850.0,822.0,836.0,836.0,747200,1.283,-9.124,10.407,44.769,29.44,15.328,693.466,142.534,58.746,91.765,66.667,-61.709,7.766,57.807,0.01,86.96,0.904,77.395,0.729,38.235,-0.28,72.017,0.532,38.653,-0.556,93.017,1.376,71.872,0.501,88.161,1.379,85.834,1.354,25.7,-0.933,81.695,0.836,Golden,12,177.45652173913044,Golden,7,121.35820895522389
8570.T,1307.5,37,86,-6866,282260471808,10.006716,0.61680144,133.47,2119.807,0.47919998,0.472,53.0,0.041341655,3.86,53.0,0.041300002,1121.0,1446.0,hold,8,1285.0,1307.5,1283.5,1307.5,1307.5,819100,-12.833,-15.389,2.557,27.767,43.182,-15.415,1204.0,103.5,42.353,78.113,58.333,-59.521,1.629,45.847,-0.078,53.073,0.088,26.471,-0.685,68.403,0.566,27.395,-0.648,17.29,-0.982,62.261,0.412,31.486,-0.533,73.216,0.874,57.754,0.521,25.36,-0.94,58.898,0.258,Golden,0,162.67924528301887,Dead,92,24.736111111111114
8585.T,840.0,57,115,-6392,143813033984,9.90566,0.6162745,16.57,1363.029,1.1083,0.431,40.0,0.048076924,3.04,80.0,0.0962,816.0,1147.0,none,1,834.0,842.0,833.0,840.0,840.0,735800,-50.204,-42.765,-7.439,12.717,53.179,-40.462,927.619,-87.619,24.107,13.287,50.0,-86.53,-11.962,34.468,-0.154,36.794,-0.113,3.95,-1.562,87.311,1.117,5.462,-1.392,8.978,-0.737,48.961,0.022,6.801,-1.324,26.364,-0.905,59.095,0.44,10.348,-1.118,27.373,-0.35,Dead,117,70.17391304347825,Dead,187,-47.66666666666666
8601.T,1028.0,57,-67,,1449788440576,10.620426,0.92770153,98.42,1108.115,0.5221,0.576,35.0,0.034096446,4.58,53.0,0.051599998,848.6,1353.5,hold,8,1030.0,1036.5,1026.0,1028.0,1028.0,5210900,-23.357,-17.923,-5.434,29.476,46.725,-17.249,1191.97,-163.97,35.0,42.669,41.667,-79.282,-6.779,26.404,-0.423,30.498,-0.405,37.013,-0.467,73.377,0.714,30.763,-0.607,85.783,1.208,14.297,-1.104,20.114,-0.859,47.121,-0.17,23.887,-0.471,19.902,-1.097,33.961,-0.312,Dead,130,55.52083333333334,Dead,5,155.53571428571428
8604.T,935.5999755859375,57,-67,,2764716638208,9.99878,0.8376007,90.95,1117.0,0.4287,0.608,38.0,0.041241586,4.04,46.0,0.0499,593.6,1021.0,none,8,928.6,941.5,923.5,935.6,935.6,12699900,14.311,1.589,12.721,44.03,25.082,18.949,702.372,233.228,62.489,96.748,50.0,-40.513,7.942,71.027,0.293,81.22,0.545,70.779,0.471,18.263,-0.921,77.435,0.711,48.675,-0.511,90.924,1.128,78.67,0.734,91.89,1.453,41.053,0.057,42.179,-0.47,78.396,0.637,Golden,20,161.3,Golden,15,113.18840579710144
8609.T,651.0,56,-250,,131219464192,,0.6470909,,1006.041,0.5159,0.373,30.0,0.04658385,3.86,40.0,0.0621,541.0,868.0,strong_buy,,644.0,662.0,644.0,651.0,651.0,431300,-23.625,-26.487,2.862,38.746,29.06,9.687,563.046,87.954,50.193,80.263,58.333,-68.41,-2.55,24.585,-0.619,65.282,0.252,61.513,0.188,28.067,-0.573,67.563,0.387,53.948,-0.047,84.206,0.972,58.942,0.081,76.994,1.042,73.428,0.819,31.298,-0.861,51.186,-0.049,Golden,7,205.0731707317073,Golden,22,120.84482758620689
8613.T,1000.0,56,115,,66130198528,,1.3057814,,765.825,0.7409,0.108,35.0,0.03560529,3.4,30.0,0.0305,795.0,1185.0,none,,990.0,1007.0,990.0,1000.0,1000.0,449600,-3.513,-4.695,1.182,27.027,33.634,-6.607,1059.563,-59.563,47.368,77.778,58.333,-57.128,0.508,49.834,-0.124,54.319,0.086,28.319,-0.621,41.597,-0.256,44.958,-0.203,82.461,0.856,34.83,-0.324,48.447,-0.108,75.315,0.96,67.645,0.774,34.266,-0.751,59.915,0.123,Golden,0,212.0,Dead,7,124.46153846153845
8614.T,636.0,55,115,,51568152576,,1.3367606,,475.777,0.3557,0.329,10.0,0.016286645,2.26,50.0,0.08140001,285.0,640.0,none,,615.0,640.0,614.0,636.0,636.0,1083500,59.248,40.648,18.6,62.899,11.057,51.843,486.87,149.13,83.007,98.361,83.333,93.641,28.711,97.841,2.732,99.336,2.752,93.025,1.649,3.95,-1.739,94.79,1.757,91.438,1.385,99.169,2.61,96.977,1.823,96.138,1.572,98.491,2.363,95.25,1.467,95.085,1.672,Golden,102,89.22222222222223,Golden,152,-14.459016393442624
8622.T,561.0,56,-67,,35392593920,,1.4923785,,375.91,0.7775,0.412,2.5,0.004520796,4.8,30.0,0.0542,365.0,601.0,none,,554.0,562.0,554.0,561.0,561.0,256900,12.919,2.144,10.776,54.252,22.287,31.965,415.275,145.725,70.741,97.452,66.667,-16.376,11.08,74.169,0.433,93.522,1.33,85.63,1.148,14.622,-1.029,86.639,1.122,74.148,0.483,98.254,2.071,86.734,1.184,95.298,1.56,88.684,1.493,49.958,-0.142,80.508,0.769,Golden,27,242.6875,Golden,22,116.9344262295082
8624.T,1023.0,56,-67,,34634891264,,1.1748952,,870.716,0.5454,0.496,34.0,0.033932135,5.63,34.0,0.0339,605.0,1031.0,strong_buy,,1005.0,1031.0,1002.0,1023.0,1023.0,605000,37.33,4.419,32.911,62.287,15.529,46.758,695.702,327.298,79.63,97.826,58.333,3.111,23.781,81.146,0.556,96.512,1.811,93.025,1.708,8.235,-1.44,93.109,1.631,45.885,-0.383,98.005,2.101,94.794,1.686,94.374,1.481,67.812,0.771,54.453,0.113,94.153,1.489,Golden,32,141.6,Golden,22,96.19444444444444
8628.T,825.0,52,-67,-7190,212360773632,16.871164,2.743936,48.9,300.663,0.97220004,0.168,40.0,0.04901961,5.06,44.0,0.0539,705.0,877.0,none,1,818.0,825.0,817.0,825.0,825.0,706800,4.135,1.351,2.784,42.995,35.749,7.246,733.56,91.44,56.954,63.636,58.333,-17.538,1.29,59.364,0.053,58.333,0.192,66.348,0.385,45.304,-0.103,61.391,0.256,30.181,-0.396,75.494,0.668,66.29,0.396,60.209,0.412,66.349,0.611,46.093,-0.26,58.421,0.177,Golden,25,155.74468085106383,Golden,15,117.5
8698.T,1150.0,57,115,-4086,293990596608,23.423973,2.235032,51.09,514.534,0.4145,0.973,38.1,0.036285713,2.65,30.2,0.028800001,548.0,1155.0,none,2,1044.0,1155.0,1038.0,1150.0,1150.0,19027200,70.574,13.583,56.991,69.632,12.706,56.925,693.554,456.446,85.285,99.109,75.0,5.983,36.184,94.466,1.656,99.308,3.427,98.297,2.205,4.81,-1.657,97.695,1.996,73.986,0.416,99.407,3.216,97.097,1.984,97.598,1.59,94.605,1.963,57.953,0.222,96.559,1.912,Golden,33,163.0810810810811,Golden,18,154.85714285714286
8699.T,861.0,55,-250,,25912741888,,0.3175191,,2711.648,0.028800001,0.099,10.0,0.01173709,1.14,20.0,0.0235,800.0,1067.0,none,,840.0,866.0,840.0,861.0,861.0,797700,-26.975,-15.853,-11.122,22.113,46.683,-24.57,993.399,-132.399,34.884,20.745,41.667,-41.402,-8.952,28.529,-0.275,20.521,-0.404,16.041,-1.056,80.914,0.937,16.142,-1.047,56.012,0.045,24.549,-0.438,20.385,-0.915,29.108,-0.83,23.887,-0.342,34.292,-0.644,25.846,-0.254,Dead,40,134.04761904761904,Dead,40,65.97014925373135
8704.T,1042.0,70,-67,-1526,28621135872,,1.7622755,,591.281,0.16610001,0.17,28.0,0.027105518,,28.0,0.0271,511.0,1141.0,none,,1026.0,1047.0,1013.0,1042.0,1042.0,217200,78.929,60.662,18.267,45.693,24.088,21.606,797.815,244.185,69.213,87.726,58.333,81.538,18.226,90.535,0.359,84.877,0.22,73.173,0.677,22.443,-0.796,76.514,0.762,73.635,-0.12,92.379,0.467,88.634,1.243,89.468,1.606,75.65,0.939,93.664,1.511,84.599,0.918,Golden,25,173.61111111111111,Golden,25,105.9433962264151
8706.T,1409.0,56,-67,,44949073920,,0.8639566,,1630.869,0.90540004,0.213,130.0,0.09372747,5.78,130.0,0.0937,924.0,1824.0,none,,1398.0,1419.0,1396.0,1409.0,1409.0,117300,-13.652,-0.304,-13.348,26.082,46.784,-20.702,1446.737,-37.737,39.764,51.459,58.333,-59.658,-1.771,45.816,-0.232,20.0,-0.638,28.468,-0.686,71.636,0.665,27.433,-0.697,68.744,0.698,51.175,-0.114,35.677,-0.518,57.497,0.157,65.119,0.599,37.382,-0.718,53.766,-0.003,Dead,182,50.66666666666666,Dead,82,55.34693877551021
8715.T,671.0,64,115,-1526,51161198592,14.517151,1.7562089,45.25,382.073,0.1377,0.573,5.5,0.008112094,0.44,16.0,0.023599999,494.0,720.0,strong_buy,4,667.0,681.0,665.0,671.0,671.0,914900,12.19,14.716,-2.526,44.118,23.203,20.915,556.22,114.78,61.458,73.077,58.333,17.949,2.134,65.551,0.283,34.868,-0.294,72.546,0.645,22.76,-0.78,76.956,0.755,42.318,-0.105,87.291,1.124,72.017,0.656,68.04,0.699,53.824,0.381,57.659,0.224,54.978,0.113,Dead,15,158.06451612903226,Golden,30,92.09302325581395
8739.T,1490.0,57,-250,-4086,59352064000,,1.8801807,,792.477,0.4798,0.821,66.0,0.045485873,4.35,126.0,0.0868,1139.0,1969.0,none,,1453.0,1504.0,1451.0,1490.0,1490.0,121600,-59.389,-79.724,20.335,35.442,32.458,2.983,1206.449,283.551,58.601,94.215,66.667,-61.436,2.091,26.178,-0.253,73.037,0.215,49.293,-0.08,43.286,-0.209,54.064,0.064,43.93,-0.384,83.581,0.444,67.52,0.492,91.086,1.482,84.229,1.301,27.654,-0.878,59.537,0.283,Golden,20,170.22727272727272,Golden,5,135.98214285714286
8771.T,1705.0,56,115,-2304,81413070848,20.281427,3.6350303,84.1,469.047,0.5059,-0.162,35.0,0.020895522,1.28,74.0,0.0442,1160.0,2077.0,none,3,1684.0,1735.0,1683.0,1705.0,1705.0,238400,6.667,-34.185,40.852,53.235,11.324,41.912,1429.807,275.193,79.845,92.126,58.333,78.051,14.778,52.755,-0.115,97.107,2.033,90.73,1.311,5.618,-1.621,93.82,1.549,68.552,0.456,92.138,1.384,94.25,1.697,87.658,1.244,62.517,0.62,79.173,1.146,85.755,0.889,Golden,103,117.20833333333334,Golden,18,110.0
8798.T,622.0,66,-67,-1344,13647986688,,4.1729283,,149.056,0.8205,0.545,35.0,0.056270096,2.95,35.0,0.0563,615.0,1130.0,none,,639.0,648.0,615.0,622.0,622.0,191300,-89.586,-55.241,-34.345,15.347,68.982,-53.635,913.836,-291.836,20.664,1.746,25.0,-80.171,-52.913,5.851,-1.153,2.88,-1.226,4.467,-1.697,98.906,2.464,1.732,-2.177,58.288,0.208,5.495,-0.97,2.459,-1.87,3.552,-1.555,1.273,-1.828,6.998,-1.617,4.14,-2.307,Dead,105,76.0,Dead,80,27.905405405405403
8801.T,1278.0,66,115,,3560904065024,13.49243,1.1382432,95.03,1122.783,0.4781,0.631,16.333,0.012901264,2.03,30.0,0.023699999,1112.0,1709.5,buy,11,1265.0,1282.5,1259.0,1278.0,1278.0,8701000,-40.8,-20.309,-20.491,23.497,45.97,-22.473,1542.837,-264.837,27.828,10.898,33.333,-72.034,-10.429,8.427,-1.299,4.093,-1.877,11.12,-1.173,81.899,0.964,13.88,-1.116,98.474,2.682,1.205,-2.528,5.596,-1.581,15.247,-1.316,5.749,-1.221,10.238,-1.33,15.794,-0.799,Dead,200,-31.923076923076934,Dead,85,44.26470588235293
8818.T,1596.0,57,115,,78155800576,19.72806,1.0281895,80.6,1552.243,0.53290004,0.306,36.0,0.023240801,2.29,37.0,0.0239,1323.0,1889.0,none,2,1566.0,1610.0,1566.0,1596.0,1596.0,51900,2.558,8.725,-6.166,33.779,30.62,3.159,1725.432,-129.432,51.652,47.059,41.667,-37.983,-1.251,49.629,-0.139,18.924,-0.501,33.365,-0.46,40.789,-0.314,48.12,-0.073,96.936,2.193,11.421,-1.109,49.202,-0.094,42.817,-0.204,20.431,-0.535,31.339,-0.762,42.22,-0.163,Dead,120,57.15909090909091,Golden,15,117.28813559322035
8860.T,788.0,59,115,,28687611904,,0.54017556,,1458.785,0.17729999,0.498,13.0,0.016581632,4.11,26.0,0.0332,632.0,826.0,none,,785.0,793.0,782.0,788.0,788.0,89400,4.216,-1.922,6.138,47.003,24.921,22.082,675.72,112.28,63.115,95.798,58.333,-23.009,5.391,51.76,0.068,83.73,0.912,73.77,0.579,24.204,-0.738,75.892,0.685,60.667,0.407,96.095,1.56,75.048,0.667,92.197,1.449,59.808,0.503,36.452,-0.517,75.657,0.526,Golden,27,146.4090909090909,Golden,22,91.359375
8876.T,1865.5,65,115,-2806,279242964992,12.596218,4.819903,144.15,387.041,0.32939997,0.59,37.0,0.020059636,1.71,75.0,0.040700004,1115.5,2013.5,strong_buy,4,1864.0,1884.5,1853.0,1865.5,1865.5,665600,54.25,73.037,-18.787,36.896,35.49,1.406,1939.504,-74.004,52.551,64.877,41.667,61.641,4.636,79.339,0.547,16.391,-0.829,40.449,-0.253,60.393,0.285,41.854,-0.275,59.862,0.416,29.379,-0.359,45.302,-0.202,48.247,0.172,7.413,-1.119,60.2,0.617,49.43,0.124,Dead,18,142.0,Golden,8,113.9047619047619
8881.T,528.0,59,115,-4024,24691603456,,0.37296116,,1415.697,0.39119998,0.428,23.0,0.04347826,4.91,46.0,0.087,428.0,613.0,none,,520.0,537.0,516.0,528.0,528.0,188700,-4.393,-6.359,1.965,38.608,15.823,22.785,444.0,84.0,61.386,82.692,66.667,-48.308,2.061,40.628,-0.159,60.814,0.214,62.232,0.161,15.708,-1.094,75.365,0.677,42.445,-0.235,91.087,1.22,70.755,0.52,75.129,1.016,77.911,0.972,31.802,-0.735,58.788,0.244,Golden,0,235.0,Golden,10,134.73684210526315
8897.T,516.0,55,115,-4178,69985599488,,0.89595,,575.925,0.2801,,18.0,0.035363458,4.8,30.0,0.0589,421.0,595.0,none,,497.0,516.0,497.0,516.0,516.0,2069800,1.278,2.684,-1.406,28.289,27.632,0.658,526.903,-10.903,49.505,96.97,41.667,-5.368,1.512,46.139,-0.064,37.288,-0.217,28.626,-0.663,36.737,-0.45,45.897,-0.108,86.711,1.027,43.921,-0.133,45.377,-0.158,93.518,1.357,21.598,-0.573,44.744,-0.187,50.193,0.126,Dead,115,86.44736842105263,Golden,10,155.2173913043478
8934.T,1905.0,65,115,-4086,92550422528,5.890538,0.983031,339.8,1937.884,0.4603,0.496,30.0,0.016155088,4.36,66.0,0.0355,1450.0,2235.0,none,,1862.0,1908.0,1856.0,1905.0,1905.0,197700,5.711,-1.404,7.115,36.906,25.373,11.533,1500.639,404.361,61.085,98.661,75.0,-45.026,2.293,59.382,0.166,67.048,0.3,50.465,0.005,28.023,-0.655,61.628,0.36,87.285,0.861,98.282,1.872,73.751,0.611,97.329,1.528,94.786,1.726,28.504,-0.835,54.471,0.221,Golden,15,199.66666666666666,Golden,15,129.88372093023256
8940.T,721.0,38,177,-4024,5778880000,4.294223,0.4591044,167.9,1570.449,0.3797,0.713,19.0,0.026610645,4.12,20.0,0.027999999,466.0,784.0,none,,708.0,723.0,708.0,721.0,721.0,18100,40.352,42.208,-1.856,31.593,29.67,1.923,661.159,59.841,57.746,64.341,58.333,86.462,6.635,84.429,0.716,36.332,-0.114,43.376,-0.249,33.998,-0.468,55.569,0.122,47.806,-0.195,70.554,0.458,68.618,0.507,67.213,0.605,68.107,0.774,88.836,1.397,74.852,0.48,Dead,0,220.6206896551724,Golden,13,115.44444444444446
9037.T,1300.0,56,115,-3386,96396296192,10.244287,1.1201972,124.04,1160.51,0.2754,0.464,32.5,0.025135344,2.57,37.5,0.029000001,898.75,1313.0,hold,1,1275.0,1313.0,1268.0,1300.0,1300.0,245600,56.066,58.84,-2.774,52.126,17.848,34.278,1218.0,82.0,70.921,88.235,58.333,89.265,8.692,98.654,2.296,31.791,-0.417,84.511,1.084,12.0,-1.214,87.319,1.222,99.495,2.607,87.29,1.012,83.844,1.082,77.976,1.037,54.584,0.459,88.144,1.23,73.219,0.624,Dead,20,168.2608695652174,Golden,185,-73.98648648648648
9048.T,1753.5,70,115,-2624,344804720640,12.347921,0.7622816,142.01,2300.331,0.16690001,0.096,27.5,0.015873017,0.97,60.0,0.0346,1600.5,2394.0,none,2,1730.0,1763.5,1730.0,1753.5,1753.5,656100,-47.181,-65.822,18.641,28.607,29.754,-1.148,1670.381,83.119,48.757,76.923,33.333,-20.615,0.919,11.13,-0.884,89.618,1.156,35.546,-0.424,38.319,-0.334,50.672,-0.039,35.91,-0.512,67.332,0.509,47.943,-0.094,73.887,0.901,9.22,-1.015,44.36,-0.319,60.424,0.177,Golden,97,56.83928571428572,Dead,7,111.30985915492958
9064.T,1744.0,62,115,,598113517568,17.287754,1.0518107,108.13,1658.093,0.7721,0.303,46.0,0.026861314,1.78,46.0,0.0269,1524.5,2761.5,hold,10,1716.0,1764.0,1716.0,1744.0,1744.0,1634900,-69.954,-102.152,32.198,43.564,28.155,15.409,1777.649,-33.649,58.556,90.544,58.333,-56.103,3.267,20.225,-0.619,90.369,1.262,76.542,0.627,28.977,-0.561,74.919,0.616,35.823,-0.424,51.727,-0.034,71.857,0.534,85.239,1.307,67.773,0.724,31.532,-0.758,68.412,0.441,Golden,140,26.69811320754718,Golden,15,114.20289855072463
9069.T,1511.0,66,115,,228981489664,10.551531,1.1967853,129.2,1262.549,0.4058,0.205,19.0,0.012641384,3.17,46.0,0.0306,1038.0,1544.0,buy,7,1506.0,1517.0,1494.0,1511.0,1511.0,434000,94.806,69.778,25.028,65.273,6.182,59.091,1404.217,106.783,93.699,92.798,83.333,96.513,16.802,99.917,4.988,99.751,4.058,98.319,2.362,1.513,-2.024,98.571,2.289,99.917,2.838,93.932,1.595,99.244,2.637,86.062,1.204,97.653,2.512,98.897,1.377,96.102,1.83,Golden,102,66.13725490196077,Golden,97,29.287878787878782
9090.T,1060.0,62,115,-1435,142742781952,14.540466,2.5557256,67.12,414.755,0.59830004,-0.123,31.0,0.030753968,1.35,32.0,0.0317,891.0,1635.0,hold,2,1015.0,1075.0,1006.0,1060.0,1060.0,519200,-67.651,-74.502,6.851,32.363,33.39,-1.027,1192.486,-132.486,41.477,39.053,41.667,-75.932,-5.834,9.39,-1.27,78.732,0.422,35.394,-0.442,52.97,0.024,41.818,-0.247,81.606,0.706,16.546,-0.681,24.576,-0.637,36.121,-0.461,49.231,0.347,6.552,-1.9,18.494,-0.013,Golden,190,152.30769230769232,Dead,5,219.75
9119.T,1127.0,57,115,,119239983104,,0.86926407,,1296.499,0.3007,0.691,56.0,0.050224215,4.21,49.0,0.043899998,1000.0,1408.0,none,,1131.0,1147.0,1124.0,1127.0,1127.0,193800,-29.3,-18.605,-10.695,29.458,45.034,-15.576,1272.517,-145.517,40.398,27.848,50.0,-62.53,-8.802,11.047,-0.884,12.957,-0.852,29.916,-0.599,78.739,0.831,25.042,-0.744,94.514,2.116,7.98,-1.189,26.952,-0.704,31.234,-0.721,37.217,-0.04,21.713,-1.136,23.305,-0.592,Dead,32,161.22222222222223,Dead,62,49.44736842105263
9143.T,1475.5,52,115,-1496,922881032192,13.7452135,1.6488779,111.56,894.851,0.5474,0.516,25.0,0.017094018,2.02,52.0,0.0356,1351.5,2157.0,buy,10,1467.0,1500.0,1465.5,1475.5,1475.5,1271600,-48.612,-53.317,4.705,24.302,42.291,-17.988,1596.983,-121.483,34.18,22.222,41.667,16.171,-2.082,27.635,-0.621,61.538,0.188,21.365,-0.722,69.436,0.609,25.519,-0.683,39.714,-0.498,31.429,-0.536,22.485,-0.824,30.178,-0.766,24.118,-0.427,61.043,0.328,48.012,-0.16,Golden,117,69.53846153846155,Dead,27,92.75
9216.T,1513.0,-53,177,,21326188544,11.59387,2.4465415,130.5,618.424,0.4158,1.356,53.0,0.035286285,,154.0,0.1025,1459.0,2348.0,none,,1515.0,1524.0,1506.0,1513.0,1513.0,127100,-111.004,-84.833,-26.172,11.936,59.077,-47.141,1767.354,-254.354,23.088,6.439,33.333,-59.932,-16.888,0.0,-1.499,19.014,-0.797,0.781,-1.588,98.438,1.85,0.781,-1.784,48.227,-0.012,27.66,-0.778,3.101,-1.612,13.953,-1.273,0.0,-2.033,22.222,-0.93,10.169,-1.199,Dead,47,112.16666666666666,Dead,57,48.0
9251.T,838.0,-81,-34,,11859962880,9.882075,1.4356519,84.8,583.707,0.39200002,0.205,28.07,0.033576556,,56.14,0.0672,828.0,1015.0,none,,836.0,848.0,836.0,838.0,838.0,71300,-18.452,-6.592,-11.86,31.638,50.282,-18.644,979.021,-141.021,36.727,3.012,50.0,-1.47,-9.747,43.919,0.132,22.297,-0.615,51.493,-0.116,85.821,1.172,28.358,-0.651,48.98,-0.222,27.891,-0.655,26.667,-0.694,5.185,-1.259,32.117,-0.334,45.528,-0.04,21.774,-0.664,Dead,20,251.25,Dead,25,145.0
9260.T,1926.0,71,24,,82357878784,3.123581,1.0293735,616.6,1871.041,0.8249,0.581,26.667,0.013838609,3.14,40.0,0.0208,1015.0,2333.3333,none,,1927.0,1928.0,1926.0,1926.0,1926.0,51200,42.593,-41.368,83.961,61.743,23.002,38.741,1232.952,693.048,73.39,99.686,41.667,-13.573,25.217,70.718,0.571,99.724,3.468,96.264,1.754,23.563,-0.8,87.644,1.302,39.335,-0.209,99.169,2.832,86.819,1.285,97.421,1.493,14.245,-0.697,48.071,-0.154,97.041,1.503,Golden,92,64.875,Golden,22,89.36363636363636
9264.T,1432.0,-49,268,,6657811968,,1.6187229,,884.648,1.0156,0.575,43.0,0.030561479,2.58,113.0,0.080299996,974.0,2441.0,none,,1406.0,1449.0,1392.0,1432.0,1432.0,166700,-0.252,-28.178,27.925,43.641,32.537,11.104,1283.376,148.624,56.993,49.298,33.333,-16.239,-1.891,65.988,0.1,71.802,0.396,72.424,0.651,25.758,-0.597,73.333,0.645,11.37,-1.013,67.638,0.364,79.456,0.724,69.486,0.43,5.706,-1.13,67.398,0.278,66.25,0.281,Golden,45,180.45454545454547,Golden,35,144.23076923076923
9278.T,1473.0,38,177,,29121357824,10.179683,1.4254237,144.7,1033.377,0.2898,0.252,25.0,0.017373176,1.43,50.0,0.0347,1098.0,1793.0,none,,1439.0,1484.0,1439.0,1473.0,1473.0,62900,13.385,1.936,11.448,41.022,23.722,17.3,1236.749,236.251,63.359,85.408,50.0,-7.419,5.437,51.316,-0.032,80.592,0.695,61.034,0.167,33.793,-0.526,67.931,0.358,75.908,0.657,92.739,1.443,69.759,0.44,72.165,0.896,24.232,-0.349,32.616,-0.415,68.214,0.358,Golden,40,177.0,Golden,15,85.27777777777777
9301.T,1117.5,57,115,-2624,412772106240,8.22326,1.0386789,126.33,1075.886,0.32709998,0.564,30.0,0.027173912,2.33,32.0,0.029000001,824.2,1124.5,none,5,1104.5,1124.5,1104.5,1117.5,1117.5,1368300,22.29,18.383,3.906,51.922,20.571,31.351,915.023,202.477,70.963,95.398,50.0,-16.171,7.323,84.27,0.811,70.305,0.547,86.526,1.177,16.558,-1.004,86.201,1.137,98.233,2.3,99.598,2.751,86.05,1.112,89.7,1.28,31.498,-0.171,37.428,-0.436,76.35,0.662,Golden,0,178.23529411764707,Golden,15,104.45945945945945
9308.T,1576.0,70,115,,39608819712,,1.1439182,,1377.721,0.104399994,0.224,11.28,0.0073056994,5.68,111.89,0.0725,910.0,1619.0,none,,1564.0,1590.0,1562.0,1576.0,1576.0,221900,94.344,43.385,50.959,58.463,14.019,44.444,1131.114,444.886,80.845,97.222,66.667,47.214,24.066,91.024,1.244,98.416,2.17,89.925,1.425,7.395,-1.348,92.926,1.476,68.182,0.112,97.463,1.737,94.968,1.733,94.004,1.502,85.897,1.344,70.607,0.777,96.316,1.697,Golden,105,110.15625,Golden,25,101.38888888888889
9310.T,1063.0,66,115,,67002589184,22.860214,0.76255435,46.5,1393.999,0.2866,0.457,7.0,0.006756757,1.9,34.5,0.033299997,589.0,1108.0,none,,1043.0,1068.0,1043.0,1063.0,1063.0,59100,46.315,40.604,5.711,50.909,10.505,40.404,818.576,244.424,78.869,97.573,58.333,-6.872,11.123,98.754,2.582,89.95,1.043,87.143,1.16,4.118,-1.686,92.017,1.538,98.67,2.646,99.917,4.045,93.283,1.694,93.367,1.369,61.274,0.617,38.253,-0.32,87.797,1.133,Golden,7,163.88235294117646,Golden,22,108.703125
9332.T,773.0,-26,115,,25352853504,9.549105,1.659108,87.7,465.913,0.35439998,0.946,20.5,0.026762402,3.03,22.0,0.0287,647.0,890.0,none,,771.0,779.0,762.0,773.0,773.0,99100,-8.888,-7.851,-1.038,33.784,25.0,8.784,732.237,40.763,51.923,33.333,33.333,-55.829,-3.451,39.264,-0.085,43.865,-0.044,45.513,-0.11,29.167,-0.676,60.577,0.313,34.462,-0.562,56.615,0.239,52.716,0.117,38.339,-0.487,9.524,-1.09,25.914,-0.932,41.722,0.062,Dead,10,177.30769230769232,Golden,10,96.66666666666667
9412.T,906.0,64,115,-4086,256722370560,13.101952,0.9283843,69.85,975.889,0.3307,0.287,21.0,0.023702031,3.59,22.0,0.0248,625.0,1107.0,none,2,863.0,913.0,857.0,906.0,906.0,1042800,3.959,5.49,-1.531,41.798,24.494,17.303,913.08,-7.08,65.468,90.625,75.0,-12.479,4.159,66.833,0.35,37.917,-0.106,72.091,0.6,21.417,-0.884,77.403,0.781,83.069,0.435,52.544,0.08,83.741,1.002,85.594,1.283,95.206,1.951,49.106,-0.135,70.068,0.539,Dead,35,140.7,Golden,10,124.921875
9503.T,1934.0,57,115,,1727112282112,5.9588823,0.69320834,328.53,2789.926,0.16379999,0.052,55.0,0.027562015,3.79,60.0,0.0301,1780.0,2929.0,buy,5,1915.5,1946.0,1890.5,1934.0,1934.0,107287900,-83.031,-2.626,-80.405,23.296,50.741,-27.445,2645.079,-711.079,27.787,5.434,41.667,-80.171,-27.515,10.353,-1.262,0.401,-3.785,16.071,-0.996,88.312,1.302,11.526,-1.212,92.129,1.502,0.241,-3.285,7.056,-1.425,9.165,-1.406,17.571,-0.63,9.419,-1.381,2.946,-2.151,Dead,130,52.85714285714286,Dead,120,6.666666666666671
9505.T,903.7000122070312,57,115,,188740452352,6.080472,0.5430782,148.62,1664.033,0.062800005,0.095,15.0,0.016585581,3.23,20.0,0.0221,675.7,1189.5,hold,3,907.7,919.6,899.0,903.7,903.7,1273700,-0.822,12.822,-13.644,34.032,36.164,-2.131,1063.791,-160.091,45.436,17.364,50.0,-41.333,-7.069,51.246,0.045,14.618,-0.872,50.168,-0.088,53.613,0.095,48.908,-0.096,30.673,-0.692,12.303,-1.02,42.149,-0.302,25.021,-0.973,45.516,0.131,38.422,-0.594,22.373,-0.582,Dead,147,52.64285714285714,Dead,7,124.5625
9506.T,1265.0,57,115,,632713773056,4.6978173,0.68611693,266.72,1843.709,0.070700005,0.017,25.0,0.019904459,3.85,30.0,0.0239,916.0,1614.5,buy,5,1269.0,1277.5,1248.0,1265.0,1265.0,2607400,0.98,28.621,-27.64,33.759,37.931,-4.172,1483.475,-218.475,49.631,26.031,41.667,-26.701,-5.714,53.821,0.038,6.395,-1.563,45.966,-0.174,59.328,0.27,43.95,-0.234,45.802,-0.116,10.557,-1.181,51.637,-0.058,31.738,-0.698,23.219,-0.47,41.645,-0.405,24.746,-0.389,Dead,32,134.92307692307693,Dead,12,88.17857142857143
9507.T,1258.5,56,115,,258847031296,8.203373,0.63813215,150.42,1972.162,0.1357,0.085,35.0,0.027888447,3.21,40.0,0.0319,974.2,1546.0,none,4,1265.0,1277.0,1248.0,1258.5,1258.5,844200,-0.142,10.329,-10.471,31.611,37.389,-5.778,1362.95,-104.45,48.565,29.508,41.667,-43.726,-3.209,45.764,0.021,24.917,-0.51,36.471,-0.318,61.849,0.269,37.227,-0.308,34.913,-0.525,27.847,-0.567,41.982,-0.166,28.883,-0.716,20.788,-0.547,28.584,-0.84,30.593,-0.143,Dead,147,67.5,Dead,7,105.06666666666666
9508.T,1516.0,57,115,,716390334464,8.33645,0.74408776,163.81,2037.394,0.2779,0.071,50.0,0.03269042,3.44,50.0,0.0327,979.3,1958.0,buy,5,1532.5,1536.5,1510.0,1516.0,1516.0,3241000,6.794,36.358,-29.563,39.418,34.214,5.205,1728.15,-212.15,50.455,39.062,41.667,-18.769,-3.927,57.309,0.116,4.485,-1.731,63.109,0.328,49.412,-0.015,57.059,0.174,58.77,0.219,9.892,-1.213,50.798,0.003,40.386,-0.347,19.279,-0.507,43.427,-0.306,32.881,-0.257,Dead,152,38.55555555555554,Golden,0,133.90322580645162
9509.T,864.5999755859375,57,115,,177530896384,6.372033,0.48288617,135.69,1790.484,0.0797,0.21,25.0,0.028610667,2.32,20.0,0.0229,601.0,1750.0,none,4,870.4,879.0,858.0,864.6,864.6,3365800,-44.2,-19.641,-24.559,26.109,39.853,-13.744,1045.92,-181.321,42.714,15.362,50.0,-83.043,-18.199,18.355,-0.755,7.309,-1.449,25.546,-0.732,66.387,0.379,28.739,-0.575,42.643,-0.431,12.968,-1.095,33.417,-0.45,23.09,-1.036,42.749,0.126,9.245,-1.323,6.102,-1.34,Dead,152,-1.5614035087719174,Dead,112,9.304347826086953
9511.T,950.0,57,115,-1650,51595829248,7.5878596,0.42419273,125.2,2239.548,0.1808,0.069,15.0,0.015690377,3.56,20.0,0.0209,936.0,1276.0,none,1,954.0,958.0,947.0,950.0,950.0,306100,-35.633,-26.497,-9.136,12.836,51.94,-39.104,1015.713,-65.713,19.731,2.206,25.0,-86.393,-10.602,18.771,-0.74,22.591,-0.597,3.445,-1.721,91.176,1.393,6.05,-1.657,24.938,-0.637,34.165,-0.437,3.107,-1.877,5.206,-1.549,2.934,-1.618,4.665,-1.467,10.508,-1.143,Dead,202,-28.122448979591837,Dead,147,-5.81355932203391
9534.T,548.0,57,115,-2260,48289153024,,0.60717463,,902.541,0.1491,0.149,18.0,0.033333335,3.2,18.0,0.033299997,421.8,757.0,none,,542.0,551.0,542.0,548.0,548.0,76900,-16.552,-5.395,-11.157,19.427,42.038,-22.611,593.619,-45.619,34.649,11.712,33.333,-88.444,-11.543,0.0,-2.169,1.08,-3.818,7.059,-1.352,83.866,0.982,8.824,-1.276,97.589,3.793,2.244,-1.979,10.327,-1.195,13.854,-1.305,8.634,-1.027,1.018,-1.807,1.271,-2.379,Dead,147,11.425925925925924,Dead,112,-25.35051546391753
9543.T,1032.0,64,24,,77667393536,12.908068,0.6725515,79.95,1534.455,0.2904,0.234,15.0,0.0147492625,1.95,54.0,0.0531,842.0,1128.0,none,1,1017.0,1038.0,1017.0,1032.0,1032.0,136400,9.69,13.705,-4.015,28.499,38.168,-9.669,1091.959,-59.959,32.653,31.298,41.667,54.325,1.744,60.467,0.245,28.893,-0.451,28.634,-0.563,66.287,0.365,29.51,-0.498,95.065,1.543,28.745,-0.671,12.336,-1.129,32.983,-0.627,18.079,-0.58,65.959,0.742,54.682,0.146,Dead,32,135.2,Dead,7,114.25
9551.T,1782.0,57,115,-1526,77764337664,11.281989,1.0700941,157.48,1665.274,0.3179,0.149,24.0,0.013407821,2.23,48.0,0.026800001,1553.0,2392.0,none,2,1777.0,1797.0,1770.0,1782.0,1782.0,141600,-42.646,-53.439,10.792,22.446,28.793,-6.347,1737.627,44.373,50.131,59.669,50.0,-47.487,-1.34,14.143,-1.097,74.502,0.686,9.221,-1.294,39.139,-0.295,29.918,-0.521,56.287,-0.011,46.906,0.144,44.785,-0.142,52.556,0.185,33.809,-0.147,23.27,-0.973,37.448,-0.228,Golden,62,100.27272727272728,Dead,7,102.03225806451613
9716.T,789.0,38,86,-2015,88009007104,16.60703,1.8148819,38.58,434.739,0.9926,0.643,27.0,0.03483871,3.16,54.0,0.069699995,738.0,952.0,none,1,770.0,796.0,766.0,789.0,789.0,358200,-20.438,-16.28,-4.158,19.178,39.384,-20.205,846.844,-57.844,37.0,38.542,50.0,-53.915,-4.228,8.227,-0.826,20.356,-0.443,6.438,-1.505,61.631,0.274,16.395,-0.934,68.676,0.748,20.458,-0.549,16.638,-0.97,37.822,-0.454,40.925,0.066,21.404,-1.109,29.784,-0.361,Dead,100,87.5,Dead,65,44.230769230769226
9743.T,819.0,9,58,-3415,38515359744,10.380228,1.2187645,74.4,671.992,0.4284,0.656,30.0,0.037128713,4.11,30.0,0.037100002,772.0,1068.0,none,,809.0,822.0,807.0,819.0,819.0,212700,-21.695,-12.653,-9.042,19.149,45.213,-26.064,941.034,-122.034,23.95,17.143,33.333,-58.701,-8.103,10.178,-0.853,11.874,-0.874,9.871,-1.3,74.85,0.615,16.395,-0.998,83.956,1.102,10.357,-1.135,5.06,-1.634,21.784,-1.038,8.476,-1.132,23.397,-1.041,21.732,-0.504,Dead,115,76.33333333333334,Dead,0,112.5
9765.T,992.0,38,177,,15802857472,,1.2688813,,781.791,0.4625,0.617,37.0,0.037411526,2.51,40.0,0.0404,872.0,1169.0,none,,996.0,996.0,991.0,992.0,992.0,48500,-4.926,-1.301,-3.625,24.638,43.188,-18.551,1051.181,-59.181,36.929,11.25,58.333,-56.376,-4.565,23.256,-0.605,19.352,-0.559,14.37,-1.08,74.874,0.634,18.403,-0.898,97.756,2.369,15.046,-0.917,17.548,-0.961,15.533,-1.238,67.142,0.743,17.981,-1.117,28.983,-0.372,Dead,187,11.604651162790702,Dead,7,124.015625
9832.T,1446.0,57,115,-4269,113346019328,13.745248,0.8845968,105.2,1634.643,1.6407001,0.33,60.0,0.042016808,4.13,60.0,0.042,1381.5,1681.0,none,,1427.0,1457.0,1425.0,1446.0,1446.0,351400,-31.227,-28.132,-3.094,26.753,35.584,-8.831,1474.147,-28.147,43.276,32.353,50.0,-80.513,-3.484,20.611,-0.697,40.458,-0.192,23.348,-0.774,53.391,0.054,34.163,-0.422,59.593,0.26,44.228,-0.182,31.561,-0.505,33.962,-0.6,41.096,0.064,10.225,-1.395,29.87,-0.302,Dead,120,85.1219512195122,Dead,225,-87.33333333333334
9837.T,1499.0,38,-5,-3813,39416803328,15.218274,0.98400843,98.5,1523.361,0.66,,57.0,0.038383838,3.58,68.0,0.0458,1147.0,1581.0,none,,1466.0,1508.0,1462.0,1499.0,1499.0,169200,8.307,-1.755,10.063,45.72,12.944,32.777,1290.492,208.508,68.627,94.706,75.0,-19.111,5.63,68.391,0.064,95.402,1.574,62.375,0.233,7.89,-1.431,83.14,0.939,96.795,2.33,99.425,2.971,83.485,0.961,85.56,1.193,96.769,2.098,32.942,-0.569,77.722,0.553,Golden,30,121.35593220338984,Golden,15,98.11688311688312
9842.T,1685.0,38,86,-3212,104975163392,8.534671,0.86336756,197.43,1951.66,0.3806,0.25,60.0,0.035799522,2.17,40.0,0.0239,1578.0,2011.0,none,1,1681.0,1693.0,1667.0,1685.0,1685.0,273600,-27.773,-23.174,-4.598,21.981,31.401,-9.42,1715.427,-30.427,38.132,36.885,58.333,-89.88,-4.313,18.802,-0.735,33.825,-0.257,12.979,-1.127,49.767,-0.027,28.105,-0.579,89.668,1.358,42.897,-0.181,19.776,-0.89,37.313,-0.459,64.991,0.689,2.17,-1.497,32.516,-0.377,Dead,150,9.183673469387742,Dead,5,108.65671641791045
9872.T,773.0,24,-14,,7173548032,,0.59014297,,1309.852,0.349,0.236,25.0,0.03192848,3.39,56.0,0.0715,750.0,964.0,none,,783.0,783.0,763.0,773.0,773.0,93500,-8.255,6.884,-15.139,28.508,55.902,-27.394,944.461,-171.461,34.961,5.291,41.667,25.333,-15.094,19.871,-0.592,4.281,-1.966,13.889,-1.057,85.376,1.051,11.111,-1.135,90.865,1.572,2.91,-2.013,10.776,-1.155,11.755,-1.379,19.234,-0.572,49.711,0.16,7.166,-1.461,Dead,13,150.27272727272728,Dead,13,91.58823529411765
9997.T,761.0,57,115,-4086,73229049856,8.974056,0.54136306,84.8,1405.711,0.4652,0.724,10.25,0.013630319,2.54,29.0,0.038599998,585.0,827.0,none,,759.0,767.0,750.0,761.0,761.0,417100,9.604,10.772,-1.168,38.767,22.467,16.3,657.0,104.0,60.494,91.667,66.667,-37.778,3.164,62.935,0.218,44.36,-0.102,60.429,0.201,18.884,-0.895,71.845,0.583,41.596,-0.175,84.975,0.983,72.298,0.586,86.707,1.336,85.959,1.33,33.016,-0.664,63.03,0.295,Dead,115,76.33333333333334,Golden,10,116.71641791044776
